MN,HD,HR,HIP,Gl,Name,OtherDesignations,ProperName,Bayer,Flamsteed,Constellation,RAJ2000,DecJ2000,GalLonJ2000,GalLatJ2000,pmRA,pmDec,RadVel,Distance,Vmag,Vmag_min,Vmag_max,B-V,SpType,Luminosity,XJ2000,YJ2000,ZJ2000,VXJ2000,VYJ2000,VZJ2000,Primary,MultipleID,IsMultiple,IsVariable
2,48915,2491,32349,Gl 244A,Sirius,9 CMa/9Alp CMa/Gl 244A/HD 48915/HIP 32349/HR 2491/HYG 32263/MN 2/Sirius/α CMa,Sirius,α CMa,9 CMa,CMa,6.752481,-16.716116,227.23031654263008,-8.890229808989563,-546.01,-1223.08,-9.4,2.6371,-1.44,-1.333,-1.523,0.009,A0m...,22.824433121735034,-0.494323,2.476731,-0.758485,9.53e-06,-1.207e-05,-1.221e-05,32263,Gl 244,1,1
3,45348,2326,30438,,Canopus,Alp Car/Canopus/HD 45348/HIP 30438/HR 2326/HYG 30365/MN 3/α Car,Canopus,α Car,,Car,6.399195,-52.69566,261.212095920287,-25.29222459499187,19.99,23.67,21.0,94.7867,-0.62,-0.547,-0.667,0.164,F0Ib,13854.791675667217,-5.992679,57.132034,-75.396105,-1.14e-05,2.059e-05,-1.049e-05,30365,,0,1
4,124897,5340,69673,Gl 541,Arcturus,16 Boo/16Alp Boo/Arcturus/Gl 541/HD 124897/HIP 69673/HR 5340/HYG 69450/MN 4/α Boo,Arcturus,α Boo,16 Boo,Boo,14.26103,19.18241,15.050236796788557,69.11116816240336,-1093.45,-1999.4,-5.0,11.2575,-0.05,,,1.239,K2IIIp,115.55799554021291,-8.823448,-5.932531,3.698938,-5.905e-05,3.22e-05,-0.00010473,69451,,0,0
5,128620,5459,71683,Gl 559A,Rigil Kentaurus,Alp1Cen/Gl 559A/HD 128620/HIP 71683/HR 5459/HYG 71455/MN 5/Rigil Kentaurus/α1 Cen,Rigil Kentaurus,α1 Cen,,Cen,14.660765,-60.833976,315.73837486433615,-0.6814983442242185,-3678.19,481.84,-26.2,1.3248,-0.01,0.113,-0.087,0.71,G2V,1.543121065657792,-0.495203,-0.414084,-1.156625,-7.22e-06,2.476e-05,2.491e-05,71456,Gl 559,1,1
6,172167,7001,91262,Gl 721,Vega,3 Lyr/3Alp Lyr/Gl 721/HD 172167/HIP 91262/HR 7001/HYG 90978/MN 6/Vega/α Lyr,Vega,α Lyr,3 Lyr,Lyr,18.61564,38.783692,67.44817342657339,19.23735214480366,201.02,287.46,-12.1,7.6787,0.03,,,-0.001,A0Vvar,49.93441887213498,0.960565,-5.908009,4.809731,4.76e-06,1.734e-05,5.9e-07,90979,,0,0
7,34029,1708,24608,Gl 194A,Capella,13 Aur/13Alp Aur/Capella/Gl 194A/HD 34029/HIP 24608/HR 1708/HYG 24549/MN 7/α Aur,Capella,α Aur,13 Aur,Aur,5.27815,45.997991,162.58844510585186,4.566385987710885,75.52,-427.13,22.2,13.1234,0.08,,,0.795,M1: comp,139.3156802945302,1.712633,8.954439,9.440007,1.92e-06,3.559e-05,-2.54e-06,24549,Gl 194,1,0
8,34085,1713,24436,,Rigel,19 Ori/19Bet Ori/HD 34085/HIP 24436/HR 1713/HYG 24378/MN 8/Rigel/β Ori,Rigel,β Ori,19 Ori,Ori,5.242298,-8.20164,209.24118810390712,-25.245346370124153,1.87,-0.56,21.0,264.5503,0.18,,,-0.03,B8Ia,51665.42425669497,51.601106,256.709905,-37.740051,1.82e-06,2.121e-05,-3.77e-06,24378,,0,0
9,61421,2943,37279,Gl 280A,Procyon,10 CMi/10Alp CMi/Gl 280A/HD 61421/HIP 37279/HR 2943/HYG 37173/MN 9/Procyon/α CMi,Procyon,α CMi,10 CMi,CMi,7.655033,5.224993,213.70223505176477,13.019396679192186,-716.57,-1034.58,-4.0,3.5142,0.4,,,0.432,F5IV-V,7.4404636619191935,-1.469312,3.17617,0.320024,1.212e-05,2.89e-06,-1.792e-05,37173,Gl 280,1,0
10,10144,472,7588,,Achernar,Achernar/Alp Eri/HD 10144/HIP 7588/HR 472/HYG 7574/MN 10/α Eri,Achernar,α Eri,,Eri,1.628556,-57.236757,290.8414237527588,-58.79203983479724,88.02,-40.08,16.0,42.7533,0.45,0.487,0.427,-0.158,B3Vp,1051.9618738232234,21.065573,9.568417,-35.951967,-5.84e-06,1.738e-05,-1.826e-05,7574,,0,1
11,39801,2061,27989,,Betelgeuse,58 Ori/58Alp Ori/Betelgeuse/HD 39801/HIP 27989/HR 2061/HYG 27919/MN 11/α Ori,Betelgeuse,α Ori,58 Ori,Ori,5.919529,7.407063,199.7872351198899,-8.958607228347548,27.33,10.86,21.0,152.6718,0.45,0.571,0.281,1.5,M2Ib,13415.28798266127,3.189296,151.364387,19.682142,-1.98e-05,2.068e-05,1.074e-05,27919,,0,1
12,122451,5267,68702,,Hadar,Bet Cen/HD 122451/HIP 68702/HR 5267/HYG 68482/Hadar/MN 12/β Cen,Hadar,β Cen,,Cen,14.063729,-60.373039,311.7669987443513,1.2510898782317823,-33.96,-25.06,6.0,120.1923,0.61,0.634,0.594,-0.231,B1III,7171.33482657721,-50.954051,-30.56287,-104.478695,-1.89e-06,2.194e-05,-1.255e-05,68483,,0,1
13,187642,7557,97649,Gl 768,Altair,53 Aql/53Alp Aql/Altair/Gl 768/HD 187642/HIP 97649/HR 7557/HYG 97337/MN 13/α Aql,Altair,α Aql,53 Aql,Aql,19.846388,8.868322,47.74412281557933,-8.909181482925108,536.82,385.54,-26.1,5.1295,0.76,0.803,0.753,0.221,A7IV-V,11.376272858234303,2.355468,-4.4873,0.790749,-1.12e-06,3.087e-05,5.36e-06,97338,,0,1
14,108248,4730,60718,,Acrux,Acrux/Alp1Cru/HD 108248/HIP 60718/HR 4730/HYG 60529/MN 14/α1 Cru,Acrux,α1 Cru,,Cru,12.443311,-63.099092,300.12662305791656,-0.3627195057389973,-35.37,-14.73,-11.0,98.7167,0.77,,,-0.243,B0.5IV,4176.379929509739,-44.363755,-5.171957,-88.034513,9.34e-06,1.813e-05,6.84e-06,60530,,0,0
15,29139,1457,21421,Gl 171.1A,Aldebaran,87 Tau/87Alp Tau/Aldebaran/Gl 171.1A/HD 29139/HIP 21421/HR 1457/HYG 21368/MN 15/α Tau,Aldebaran,α Tau,87 Tau,Tau,4.598677,16.509301,180.97190764494312,-20.24830337508239,62.78,-189.36,54.5,20.4332,0.87,0.888,0.858,1.538,K5III,163.23000728189953,7.02722,18.287604,5.806661,1.528e-05,5.709e-05,-2.14e-06,21368,Gl 171.1,1,1
16,0,0,0,Gl 194B,Gl 194B,Gl 194B/HYG 118355/MN 16,,,,Aur,5.277926,46.000842,162.58475849336844,4.56611925822706,80.57,-422.38,33.9,12.9383,0.96,,,0.0,G0 III,60.20048636844592,1.689045,8.828648,9.308413,3.14e-06,4.332e-05,6.54e-06,24549,Gl 194,1,0
17,116658,5056,65474,,Spica,67 Vir/67Alp Vir/HD 116658/HIP 65474/HR 5056/HYG 65268/MN 17/Spica/α Vir,Spica,α Vir,67 Vir,Vir,13.419883,-11.161322,316.11234308262254,50.84455283150581,-42.5,-31.73,1.0,76.5697,0.98,1.001,0.961,-0.235,B1V,2070.1413487910413,-69.990853,-27.285826,-14.82176,-4.54e-06,1.516e-05,-1.175e-05,65269,,0,1
18,148478,6134,80763,,Antares,21 Sco/21Alp Sco/Antares/HD 148478/HIP 80763/HR 6134/HYG 80518/MN 18/α Sco,Antares,α Sco,21 Sco,Sco,16.490128,-26.432002,351.94714065370454,15.064319029889802,-10.16,-23.21,-3.0,169.7793,1.06,1.155,0.995,1.865,M1Ib + B2.5V,9453.660459579653,-58.542602,-140.307591,-75.574766,-3.38e-06,1.36e-05,-1.574e-05,80519,,0,1
19,62509,2990,37826,Gl 286,Pollux,78 Gem/78Bet Gem/Gl 286/HD 62509/HIP 37826/HR 2990/HYG 37718/MN 19/Pollux/β Gem,Pollux,β Gem,78 Gem,Gem,7.755277,28.026199,192.22935072538115,23.406433127495756,-625.69,-45.95,3.6,10.3584,1.16,,,0.991,K0IIIvar,32.09223768048434,-4.055465,8.19518,4.867171,2.624e-05,1.782e-05,-3.1e-07,37718,,0,0
20,216956,8728,113368,Gl 881,Fomalhaut,24 PsA/24Alp PsA/Fomalhaut/Gl 881/HD 216956/HIP 113368/HR 8728/HYG 113007/MN 20/α PsA,Fomalhaut,α PsA,24 PsA,PsA,22.960838,-29.622236,20.48814212322153,-64.90949509978743,329.22,-164.22,6.1,7.7036,1.17,,,0.145,A3V,17.587333541355722,6.450517,-1.799476,-3.807757,5.61e-06,1.12e-05,-8.41e-06,113008,,0,0
21,111123,4853,62434,,Mimosa,Bet Cru/HD 111123/HIP 62434/HR 4853/HYG 62238/MN 21/Mimosa/β Cru,Mimosa,β Cru,,Cru,12.795359,-59.688764,302.4623072840989,3.1795948253550512,-48.24,-12.82,16.0,85.3971,1.25,1.267,1.237,-0.238,B0.5III,2008.1678041839857,-42.168771,-8.909619,-73.723149,-7.73e-06,1.878e-05,-1.681e-05,62239,,0,1
22,197345,7924,102098,,Deneb,50 Cyg/50Alp Cyg/Deneb/HD 197345/HIP 102098/HR 7924/HYG 101766/MN 22/α Cyg,Deneb,α Cyg,50 Cyg,Cyg,20.690532,45.280338,84.28473611060438,1.9975454805688035,1.56,1.55,-5.0,432.9004,1.25,1.294,1.224,0.092,A2Ia,51617.86054966733,197.250632,-232.113407,307.600832,-1.33e-06,6.62e-06,-1.34e-06,101767,,0,1
23,128621,5460,71681,Gl 559B,Toliman,Alp2Cen/Gl 559B/HD 128621/HIP 71681/HR 5460/HYG 71452/MN 23/Toliman/α2 Cen,Toliman,α2 Cen,,Cen,14.660346,-60.8383,315.73382374893913,-0.6842126810309496,-3678.19,481.84,-26.2,1.3248,1.35,,,0.9,K1V,0.4409608164506375,-0.495181,-0.413973,-1.156674,-7.22e-06,2.476e-05,2.491e-05,71456,Gl 559,1,0
24,87901,3982,49669,,Regulus,32 Leo/32Alp Leo/HD 87901/HIP 49669/HR 3982/HYG 49528/MN 24/Regulus/α Leo,Regulus,α Leo,32 Leo,Leo,10.139532,11.967207,226.42736739311505,48.93422324414752,-249.4,4.91,6.0,24.3132,1.36,,,-0.087,B7V,147.09570767969765,-21.018857,11.132218,5.041397,8.56e-06,2.873e-05,1.84e-06,49528,,0,0
25,52089,2618,33579,,Adhara,21 CMa/21Eps CMa/Adhara/HD 52089/HIP 33579/HR 2618/HYG 33492/MN 25/ε CMa,Adhara,ε CMa,21 CMa,CMa,6.977097,-28.972084,239.83106027377264,-11.329750156925892,2.63,2.29,27.0,124.2236,1.5,,,-0.211,B2II,3375.981048554255,-27.497987,105.141608,-60.171969,-7.81e-06,2.362e-05,-1.217e-05,33492,,0,0
26,60179,2891,36850,Gl 278A,Castor,66 Gem/66Alp Gem/Castor/Gl 278A/HD 60179/HIP 36850/HR 2891/HYG 36744/MN 26/α Gem,Castor,α Gem,66 Gem,Gem,7.576634,31.888276,187.4410159487076,22.47929686246386,-206.33,-148.18,6.0,15.5958,1.58,,,0.034,A2Vm,49.43106869868354,-5.311938,12.130011,8.238737,9.83e-06,1.645e-05,-6.27e-06,36744,Gl 278,1,0
27,108903,4763,61084,,Gacrux,Gacrux/Gam Cru/HD 108903/HIP 61084/HR 4763/HYG 60892/MN 27/γ Cru,Gacrux,γ Cru,,Cru,12.519429,-57.113212,300.1691763020897,5.6497505147949845,27.94,-264.33,21.0,27.1518,1.59,,,1.6,M4III,148.45676750522713,-14.606901,-1.998688,-22.800748,1.789e-05,-1.26e-06,-3.693e-05,60893,,0,0
28,158926,6527,85927,,Shaula,35 Sco/35Lam Sco/HD 158926/HIP 85927/HR 6527/HYG 85664/MN 28/Shaula/λ Sco,Shaula,λ Sco,35 Sco,Sco,17.560145,-37.103821,351.7443677434142,-2.2143706440517272,-8.9,-29.95,-3.0,175.1313,1.62,1.656,1.596,-0.231,B1.5IV+...,6008.9695048348585,-16.048583,-138.749793,-105.649898,-5.46e-06,1.854e-05,-1.843e-05,85665,,0,1
29,35468,1790,25336,,Bellatrix,24 Ori/24Gam Ori/Bellatrix/HD 35468/HIP 25336/HR 1790/HYG 25273/MN 29/γ Ori,Bellatrix,γ Ori,24 Ori,Ori,5.418851,6.349702,196.92784750127043,-15.953200602381362,-8.75,-13.28,18.0,77.3994,1.64,,,-0.224,B2III,1152.3913771994878,11.658576,76.036136,8.56012,6.1e-06,1.813e-05,-2.92e-06,25273,,0,0
30,35497,1791,25428,,Elnath,112 Tau/112Bet Tau/Elnath/HD 35497/HIP 25428/HR 1791/HYG 25364/MN 30/β Tau,Elnath,β Tau,112 Tau,Tau,5.438198,28.60745,177.9944041839883,-3.745405913988185,23.28,-174.22,9.0,41.0509,1.65,,,-0.13,B7III,321.21809339879854,5.281578,35.6504,19.655456,-9.7e-07,2.509e-05,-2.603e-05,25364,,0,0
31,80007,3685,45238,,Miaplacidus,Bet Car/HD 80007/HIP 45238/HR 3685/HYG 45106/MN 31/Miaplacidus/β Car,Miaplacidus,β Car,,Car,9.220041,-69.717208,285.9785751748825,-14.407138026875185,-157.66,108.91,-5.0,34.6981,1.67,,,0.07,A2IV,225.32013356294823,-8.980712,8.001552,-32.546536,6.13e-06,3.005e-05,1.115e-05,45106,,0,0
32,37128,1903,26311,,Alnilam,46 Ori/46Eps Ori/Alnilam/HD 37128/HIP 26311/HR 1903/HYG 26246/MN 32/ε Ori,Alnilam,ε Ori,46 Ori,Ori,5.603559,-1.20192,205.2120703523478,-17.24173281157401,1.49,-1.06,26.0,606.0606,1.69,1.717,1.667,-0.184,B0Ia,67483.87308707573,62.775122,602.66691,-12.712683,-1.61e-06,2.683e-05,-3.67e-06,26246,,0,1
33,209952,8425,109268,Gl 848.2,Alnair,Alnair/Alp Gru/Gl 848.2/HD 209952/HIP 109268/HR 8425/HYG 108921/MN 33/α Gru,Alnair,α Gru,,Gru,22.137209,-46.960975,349.9985295714061,-52.47365528097582,127.6,-147.91,10.9,30.9693,1.73,,,-0.07,B7IV,169.82436524617444,18.672505,-9.904001,-22.635193,1.36e-06,2.096e-05,-2.33e-05,108922,,0,0
34,37742,1948,26727,,Alnitak,50 Ori/50Zet Ori/Alnitak/HD 37742/HIP 26727/HR 1948/HYG 26662/MN 34/ζ Ori,Alnitak,ζ Ori,50 Ori,Ori,5.679313,-1.942572,206.45218337815297,-16.58516336095137,3.99,2.54,18.0,225.7336,1.74,,,-0.199,O9.5Ib SB,8937.169608501978,18.918488,224.809409,-7.651875,-2.8e-06,1.879e-05,2.15e-06,26662,,0,0
35,68273,3207,39953,,γ2 Vel,Gam2Vel/HD 68273/HIP 39953/HR 3207/HYG 39840/MN 35/γ2 Vel,,γ2 Vel,,Vel,8.158876,-47.336588,262.80256231233517,-7.685811220310512,-5.93,9.9,35.0,342.4658,1.75,1.767,1.727,-0.145,WC8 + O9I,20379.803862870547,-124.300149,195.993257,-251.831601,-1.115e-05,3.596e-05,-1.518e-05,39840,,0,1
36,112185,4905,62956,,Alioth,77 UMa/77Eps UMa/Alioth/HD 112185/HIP 62956/HR 4905/HYG 62756/MN 36/ε UMa,Alioth,ε UMa,77 UMa,UMa,12.900472,55.959821,122.1802812082722,61.16465073232497,111.74,-8.99,-9.0,25.31,1.76,1.776,1.746,-0.022,A0p,110.2554332102224,-13.775959,-3.309169,20.972944,7.32e-06,-1.234e-05,-8.24e-06,62757,,0,1
37,20902,1017,15863,,Mirfak,33 Per/33Alp Per/HD 20902/HIP 15863/HR 1017/HYG 15824/MN 37/Mirfak/α Per,Mirfak,α Per,33 Per,Per,3.405378,49.86118,146.5686382456676,-5.86244788020861,24.11,-26.01,-2.0,155.2795,1.79,,,0.481,F5Ib,4040.173353730007,62.885098,77.880689,118.708804,-5.55e-06,2.202e-05,-1.419e-05,15824,,0,0
38,169022,6879,90185,,Kaus Australis,20 Sgr/20Eps Sgr/HD 169022/HIP 90185/HR 6879/HYG 89905/Kaus Australis/MN 38/ε Sgr,Kaus Australis,ε Sgr,20 Sgr,Sgr,18.402868,-34.384616,359.1938398896664,-9.807611325496676,-39.61,-124.05,-15.0,43.9367,1.79,,,-0.031,B9.5III,323.2957533680941,3.817188,-36.057831,-24.812975,-1.129e-05,2.654e-05,-1.314e-05,89906,,0,0
39,95689,4301,54061,,Dubhe,50 UMa/50Alp UMa/Dubhe/HD 95689/HIP 54061/HR 4301/HYG 53905/MN 39/α UMa,Dubhe,α UMa,50 UMa,UMa,11.062155,61.751033,142.8485304922739,51.00870206117452,-136.46,-35.25,-9.0,37.679,1.81,,,1.061,F7V comp,233.3458062281002,-17.298705,4.33488,33.191332,4.78e-06,2.45e-05,-1.116e-05,53905,,0,0
40,54605,2693,34444,,Wezen,25 CMa/25Del CMa/HD 54605/HIP 34444/HR 2693/HYG 34354/MN 40/Wezen/δ CMa,Wezen,δ CMa,25 CMa,CMa,7.139857,-26.3932,238.41746999200697,-8.266551076949474,-2.75,3.33,34.0,492.6108,1.83,,,0.671,F8Ia,39192.232245497704,-129.733458,421.761488,-218.979855,-3.92e-06,3.508e-05,-8.33e-06,34354,,0,0
41,120315,5191,67301,,Alkaid,85 UMa/85Eta UMa/Alkaid/HD 120315/HIP 67301/HR 5191/HYG 67087/MN 41/η UMa,Alkaid,η UMa,85 UMa,UMa,13.792354,49.313265,100.69536653942424,65.3224064639449,-121.23,-15.56,-11.0,31.8674,1.85,,,-0.099,B3V SB,160.99040762157054,-18.529548,-9.394541,24.164506,-3.55e-06,1.92e-05,-1.01e-05,67088,,0,0
42,71129,3307,41037,,Avior,Avior/Eps Car/HD 71129/HIP 41037/HR 3307/HYG 40921/MN 42/ε Car,Avior,ε Car,,Car,8.375236,-59.509483,274.2855177804618,-12.60094029659493,-25.34,22.72,2.0,185.5288,1.86,,,1.196,K3III+B2V,5405.053537086696,-54.83708,76.515238,-159.872623,7.66e-06,2.843e-05,8.61e-06,40921,,0,0
43,159532,6553,86228,,Sargas,HD 159532/HIP 86228/HR 6553/HYG 85964/MN 43/Sargas/The Sco/θ Sco,Sargas,θ Sco,,Sco,17.62198,-42.997824,347.13892473729277,-5.975724808204049,6.06,-0.95,1.0,92.081,1.86,,,0.406,F1II,1331.6803762699813,-6.654055,-67.016643,-62.796539,2.65e-06,-7.2e-07,-1.01e-06,85965,,0,0
44,40183,2088,28360,GJ 3375,Menkalinan,34 Aur/34Bet Aur/GJ 3375/HD 40183/HIP 28360/HR 2088/HYG 28288/MN 44/Menkalinan/β Aur,Menkalinan,β Aur,34 Aur,Aur,5.992149,44.947433,167.4568636522084,10.409476556892033,-56.41,-0.88,-19.4,24.8694,1.9,1.967,1.897,0.077,A2V,93.58365435835302,0.036195,17.601288,17.569058,6.77e-06,-1.398e-05,-1.409e-05,28288,,0,1
45,150798,6217,82273,,Atria,Alp TrA/Atria/HD 150798/HIP 82273/HR 6217/HYG 82021/MN 45/α TrA,Atria,α TrA,,TrA,16.811077,-69.027715,321.5357760283855,-15.258806282871156,17.85,-32.92,-3.0,119.7605,1.91,,,1.447,K2IIb-IIIa,2151.7905703397573,-13.127447,-40.804561,-111.826781,1.567e-05,1.486e-05,-3.98e-06,82022,,0,0
46,47105,2421,31681,,Alhena,24 Gem/24Gam Gem/Alhena/HD 47105/HIP 31681/HR 2421/HYG 31601/MN 46/γ Gem,Alhena,γ Gem,24 Gem,Gem,6.628528,16.399252,196.77361121199675,4.452542605857099,-2.04,-66.92,-13.0,33.5121,1.93,,,0.001,A0IV,165.34840121711517,-5.266162,31.714389,9.461403,1.91e-06,-9.5e-06,-1.418e-05,31601,,0,0
47,74956,3485,42913,Gl 321.3A,Alsephina,Alsephina/Del Vel/Gl 321.3A/HD 74956/HIP 42913/HR 3485/HYG 42794/MN 47/δ Vel,Alsephina,δ Vel,,Vel,8.745059,-54.708821,272.0787810144448,-7.370925880232914,28.78,-104.14,2.2,24.6975,1.93,1.939,1.929,0.043,A1V,89.78421709097269,-9.394033,10.739813,-20.158771,3.25e-06,-8.95e-06,-9.04e-06,42794,Gl 321.3,1,1
48,193924,7790,100751,,Peacock,Alp Pav/HD 193924/HIP 100751/HR 7790/HYG 100424/MN 48/Peacock/α Pav,Peacock,α Pav,,Pav,20.427459,-56.73509,340.90432510915775,-35.193096346567664,7.71,-86.15,2.0,54.8246,1.94,,,-0.118,B2IV,438.5306977749856,17.850262,-24.200974,-45.841245,-9.05e-06,1.572e-05,-1.427e-05,100425,,0,0
49,8890,424,11767,,Polaris,1 UMi/1Alp UMi/HD 8890/HIP 11767/HR 424/HYG 11734/MN 49/Polaris/α UMi,Polaris,α UMi,1 UMi,UMi,2.52975,89.264109,123.28044153724132,26.46135100715496,44.22,-11.74,-17.0,132.626,1.97,1.993,1.953,0.636,F7:Ib-IIv SB,2495.743794831569,1.3431,1.047629,132.614909,-1.171e-05,2.692e-05,-1.748e-05,11734,,0,1
50,44743,2294,30324,,Mirzam,2 CMa/2Bet CMa/HD 44743/HIP 30324/HR 2294/HYG 30251/MN 50/Mirzam/β CMa,Mirzam,β CMa,2 CMa,CMa,6.378329,-17.955918,226.05984773848465,-14.268049566098464,-3.45,-0.47,34.0,151.0574,1.98,1.999,1.969,-0.24,B1II/III,3209.223768048436,-14.209731,142.995999,-46.568852,-7.5e-07,3.306e-05,-1.105e-05,30251,,0,1
51,81797,3748,46390,,Alphard,30 Hya/30Alp Hya/Alphard/HD 81797/HIP 46390/HR 3748/HYG 46259/MN 51/α Hya,Alphard,α Hya,30 Hya,Hya,9.45979,-8.658603,241.4881489764831,29.04545584980252,-14.49,33.25,-4.0,55.2792,1.99,,,1.44,K3III,425.7944535825967,-43.003468,33.722848,-8.322089,4.52e-06,1.39e-06,9.42e-06,46259,,0,0
52,12929,617,9884,Gl 84.3,Hamal,13 Ari/13Alp Ari/Gl 84.3/HD 12929/HIP 9884/HR 617/HYG 9861/Hamal/MN 52/α Ari,Hamal,α Ari,13 Ari,Ari,2.119555,23.462423,144.57837622046404,-36.20554205259861,190.73,-145.77,-14.4,20.1776,2.01,,,1.151,K2III,55.6672798150948,15.731986,9.751722,8.03361,-1.649e-05,1.173e-05,-1.894e-05,9861,,0,0
53,89484,4057,50583,,Algieba,41 Leo/41Gam1Leo/Algieba/HD 89484/HIP 50583/HR 4057/HYG 50440/MN 53/γ1 Leo,Algieba,γ1 Leo,41 Leo,Leo,10.332873,19.841489,216.5516204871729,54.65230243160131,310.77,-152.88,-37.0,39.8883,2.01,,,1.128,K0III,217.57049509257936,-34.002797,15.860719,13.53874,-2.24e-06,-6.526e-05,-4.065e-05,50440,,0,0
54,4128,188,3419,Gl 31,Diphda,16 Cet/16Bet Cet/Diphda/Gl 31/HD 4128/HIP 3419/HR 188/HYG 3413/MN 54/β Cet,Diphda,β Cet,16 Cet,Cet,0.72649,-17.986605,111.33009235400488,-80.6810681229757,232.79,32.71,13.3,29.5334,2.04,,,1.019,K0III,116.0913870126182,27.583638,5.310463,-9.119792,7.82e-06,3.545e-05,2.5e-07,3413,,0,0
55,175191,7121,92855,,Nunki,34 Sgr/34Sig Sgr/HD 175191/HIP 92855/HR 7121/HYG 92563/MN 55/Nunki/σ Sgr,Nunki,σ Sgr,34 Sgr,Sgr,18.92109,-26.296722,9.555916788388782,-12.435147374616932,13.87,-52.65,-11.0,69.8324,2.05,,,-0.134,B2.5V,642.6877173170194,14.950858,-60.794062,-30.937099,2.7e-07,1.858e-05,-1.1e-05,92564,,0,0
56,123139,5288,68933,Gl 539,Menkent,5 Cen/5The Cen/Gl 539/HD 123139/HIP 68933/HR 5288/HYG 68713/MN 56/Menkent/θ Cen,Menkent,θ Cen,5 Cen,Cen,14.111395,-36.369954,319.45382820745726,24.075953802679116,-519.29,-517.87,1.3,18.0343,2.06,,,1.011,K0IIIb,42.46195639463128,-12.358808,-7.624204,-10.694288,-1.9e-06,5.217e-05,-3.724e-05,68714,,0,0
57,358,15,677,,Alpheratz,21 And/21Alp And/Alpheratz/HD 358/HIP 677/HR 15/HYG 676/MN 57/α And,Alpheratz,α And,21 And,And,0.139791,29.090432,111.732175837535,-32.84334703472106,135.68,-162.95,-12.0,29.7442,2.07,2.083,2.063,-0.038,B9p,114.49855346901884,25.974572,0.951042,14.461264,-2e-08,1.958e-05,-2.65e-05,676,,0,1
58,6860,337,5447,Gl 53.3,Mirach,43 And/43Bet And/Gl 53.3/HD 6860/HIP 5447/HR 337/HYG 5436/MN 58/Mirach/β And,Mirach,β And,43 And,And,1.162194,35.620558,127.10749122821296,-27.102827246364175,175.59,-112.23,-0.8,60.5327,2.07,,,1.576,M0IIIvar,474.2419852602448,46.946371,14.741814,35.255129,2.23e-06,5.471e-05,-2.725e-05,5436,,0,0
59,38771,2004,27366,,Saiph,53 Ori/53Kap Ori/HD 38771/HIP 27366/HR 2004/HYG 27298/MN 59/Saiph/κ Ori,Saiph,κ Ori,53 Ori,Ori,5.795941,-9.669605,214.51433855833,-18.496471428464716,1.55,-1.2,21.0,198.4127,2.07,,,-0.168,B0.5Iavar,5095.654806081146,10.444137,195.314937,-33.326707,-3.7e-07,2.103e-05,-4.75e-06,27298,,0,0
60,131873,5563,72607,,Kochab,7 UMi/7Bet UMi/HD 131873/HIP 72607/HR 5563/HYG 72379/Kochab/MN 60/β UMi,Kochab,β UMi,7 UMi,UMi,14.845105,74.155505,112.64714998957616,40.502599675907966,-32.29,11.91,17.0,40.1445,2.07,,,1.465,K4IIIvar,208.54510476931685,-8.058164,-7.429707,38.619407,-6.11e-06,2.91e-06,1.736e-05,72380,,0,0
61,214952,8636,112122,,Tiaki,Bet Gru/HD 214952/HIP 112122/HR 8636/HYG 111767/MN 61/Tiaki/β Gru,Tiaki,β Gru,,Gru,22.711115,-46.884577,346.2670074819132,-57.953961483823775,135.68,-4.51,2.0,54.2594,2.07,2.191,1.971,1.61,M5III,380.89037649813514,34.993484,-12.277259,-39.608199,1.232e-05,3.35e-05,-2.3e-06,111768,,0,1
62,159561,6556,86032,Gl 681,Rasalhague,55 Oph/55Alp Oph/Gl 681/HD 159561/HIP 86032/HR 6556/HYG 85768/MN 62/Rasalhague/α Oph,Rasalhague,α Oph,55 Oph,Oph,17.582241,12.560035,35.893746353359546,22.56806028085334,110.08,-222.61,12.6,14.8965,2.08,,,0.155,A5III,28.444611074479155,-1.587067,-14.453242,3.239454,6.15e-06,-1.685e-05,-1.289e-05,85769,,0,0
63,19356,936,14576,,Algol,26 Per/26Bet Per/Algol/HD 19356/HIP 14576/HR 936/HYG 14540/MN 63/β Per,Algol,β Per,26 Per,Per,3.136148,40.955648,148.97652611842588,-14.900259727171177,2.39,-1.44,4.0,27.571,2.09,2.213,2.073,-0.003,B8V,96.56060985415496,14.189428,15.238793,18.072114,1.96e-06,2.57e-06,2.54e-06,14540,,0,1
64,12533,603,9640,,Almach,57 And/57Gam1And/Almach/HD 12533/HIP 9640/HR 603/HYG 9618/MN 64/γ1 And,Almach,γ1 And,57 And,And,2.064984,42.329725,136.96455499675577,-18.55902639746194,43.08,-50.85,-12.0,120.4819,2.1,,,1.37,B8V,1828.1002161427427,76.368059,45.840864,81.131974,-3.58e-06,2.72e-05,-3.022e-05,9618,,0,0
65,102647,4534,57632,Gl 448,Denebola,94 Leo/94Bet Leo/Denebola/Gl 448/HD 102647/HIP 57632/HR 4534/HYG 57458/MN 65/β Leo,Denebola,β Leo,94 Leo,Leo,11.817663,14.57206,250.64036671303916,70.79978104578835,-499.02,-113.78,-0.2,10.9999,2.14,,,0.09,A3Vvar,14.682499678319866,-10.633926,0.508011,2.767546,-6e-08,2.664e-05,-5.92e-06,57459,,0,0
66,5394,264,4427,,Cih,27 Cas/27Gam Cas/Cih/HD 5394/HIP 4427/HR 264/HYG 4417/MN 66/γ Cas,Cih,γ Cas,27 Cas,Cas,0.945143,60.71674,123.5768427812472,-2.1484074571545473,25.65,-3.82,-7.0,168.3502,2.15,2.173,2.133,-0.046,B0IV:evar,3407.218616593573,79.836717,20.168018,146.837047,-5.89e-06,2.01e-05,-7.77e-06,4417,,0,1
67,110304,4819,61932,,γ Cen,Gam Cen/HD 110304/HIP 61932/HR 4819/HYG 61738/MN 67/γ Cen,,γ Cen,,Cen,12.691971,-48.959888,301.25495817336906,13.879557645917448,-187.28,-1.2,-6.0,39.9042,2.2,,,-0.023,A1IV,182.81002161427423,-25.771821,-4.720403,-30.097707,-2.39e-06,3.639e-05,4.48e-06,61739,,0,0
68,66811,3165,39429,,Naos,HD 66811/HIP 39429/HR 3165/HYG 39318/MN 68/Naos/Zet Pup/ζ Pup,Naos,ζ Pup,,Pup,8.059737,-40.003148,255.97589268594805,-4.70566990025771,-30.82,16.77,-24.0,332.2259,2.21,2.224,2.194,-0.269,O5IAf,12554.51673687138,-130.674899,218.376203,-213.564535,4.333e-05,2.425e-05,3.647e-05,39318,,0,1
69,80404,3699,45556,,Aspidiske,Aspidiske/HD 80404/HIP 45556/HR 3699/HYG 45425/Iot Car/MN 69/ι Car,Aspidiske,ι Car,,Car,9.284838,-59.275229,278.4591785145302,-7.011130066824182,-19.03,13.11,13.0,234.7418,2.21,,,0.189,A8Ib,6269.024974761646,-90.887872,78.251756,-201.791538,-7.4e-07,2.921e-05,-3.81e-06,45425,,0,0
70,139006,5793,76267,,Alphecca,5 CrB/5Alp CrB/Alphecca/HD 139006/HIP 76267/HR 5793/HYG 76034/MN 70/α CrB,Alphecca,α CrB,5 CrB,CrB,15.578128,26.714693,41.869733291043254,53.77235830837549,120.38,-89.44,2.0,23.0097,2.22,2.289,2.209,0.032,A0V,59.70352865838366,-12.176093,-16.558746,10.343974,7.08e-06,-1.304e-05,-7.99e-06,76035,,0,1
71,78647,3634,44816,,Suhail,HD 78647/HIP 44816/HR 3634/HYG 44689/Lam Vel/MN 71/Suhail/λ Vel,Suhail,λ Vel,,Vel,9.133268,-43.432589,265.9350004863504,2.8211342571463995,-23.21,14.28,18.0,166.9449,2.23,2.272,2.182,1.665,K4Ib-II,3113.149665447025,-88.662596,82.682121,-114.774841,-2.78e-06,2.827e-05,-4.26e-06,44689,,0,1
72,116656,5054,65378,GJ 3783A,Mizar,79 UMa/79Zet UMa/GJ 3783A/HD 116656/HIP 65378/HR 5054/HYG 65172/MN 72/Mizar/ζ UMa,Mizar,ζ UMa,79 UMa,UMa,13.398747,54.925362,113.11075773590372,61.57909580557027,121.23,-22.01,-5.6,26.3089,2.23,2.336,2.196,0.057,A2V,77.33925780489973,-14.115808,-5.413302,21.531272,6.46e-06,-1.408e-05,-6.3e-06,65173,GJ 3783,1,1
73,194093,7796,100453,,Sadr,37 Cyg/37Gam Cyg/HD 194093/HIP 100453/HR 7796/HYG 100127/MN 73/Sadr/γ Cyg,Sadr,γ Cyg,37 Cyg,Cyg,20.370473,40.256679,78.14859265352351,1.8670858352987736,2.43,-0.93,-8.0,561.7978,2.23,,,0.673,F8Ib,35253.318119588555,249.318228,-348.795593,363.040966,2.7e-06,7.6e-06,-7.22e-06,100128,,0,0
74,3712,168,3179,,Schedar,18 Cas/18Alp Cas/HD 3712/HIP 3179/HR 168/HYG 3172/MN 74/Schedar/α Cas,Schedar,α Cas,18 Cas,Cas,0.675116,56.537331,121.41634760252504,-6.302246448086187,50.36,-32.17,-4.0,69.979,2.24,2.25,2.23,1.17,K0II-IIIvar,542.0008904016238,37.984817,6.784483,58.379619,3.74e-06,1.802e-05,-9.43e-06,3172,,0,1
75,164058,6705,87833,,Eltanin,33 Dra/33Gam Dra/Eltanin/HD 164058/HIP 87833/HR 6705/HYG 87560/MN 75/γ Dra,Eltanin,γ Dra,33 Dra,Dra,17.943437,51.488895,79.0549643521245,29.217327482984693,-8.52,-23.05,-28.0,47.3037,2.24,,,1.521,K5III,247.5141318074314,-0.436154,-29.451035,37.014357,-1.75e-06,1.372e-05,-2.57e-05,87561,,0,0
76,36486,1852,25930,,Mintaka,34 Ori/34Del Ori/HD 36486/HIP 25930/HR 1852/HYG 25865/MN 76/Mintaka/δ Ori,Mintaka,δ Ori,34 Ori,Ori,5.533445,-0.299092,203.85592328494107,-17.73972553336582,1.67,0.56,16.0,212.3142,2.25,2.334,2.234,-0.175,O9.5II,4943.106869868354,25.868117,210.729667,-1.108306,2.9e-07,1.645e-05,4.9e-07,25865,,0,1
77,432,21,746,Gl 8,Caph,11 Cas/11Bet Cas/Caph/Gl 8/HD 432/HIP 746/HR 21/HYG 744/MN 77/β Cas,Caph,β Cas,11 Cas,Cas,0.152887,59.14978,117.52745934825994,-3.2777539441578005,523.39,-180.42,11.3,16.7842,2.28,2.303,2.263,0.38,F2III-IV,30.06076302628229,8.600014,0.344589,14.409503,1.681e-05,4.329e-05,2.39e-06,744,,0,1
78,118716,5132,66657,,ε Cen,Eps Cen/HD 118716/HIP 66657/HR 5132/HYG 66446/MN 78/ε Cen,,ε Cen,,Cen,13.664796,-53.466394,310.19194143262797,8.721018491728401,-14.6,-12.79,3.0,131.0616,2.29,2.301,2.281,-0.171,B1III,1814.67977939693,-70.726493,-32.9381,-105.309044,3.5e-07,1.039e-05,-7.3e-06,66447,,0,1
79,143275,5953,78401,,Dschubba,7 Sco/7Del Sco/Dschubba/HD 143275/HIP 78401/HR 5953/HYG 78164/MN 79/δ Sco,Dschubba,δ Sco,7 Sco,Sco,16.005557,-22.62171,350.0969252921846,22.490423166144783,-8.67,-36.9,-7.0,150.6024,2.29,2.299,2.279,-0.117,B0.2IV,2396.624529408638,-69.332609,-120.492107,-57.928452,2.98e-06,1.787e-05,-2.211e-05,78165,,0,1
80,151680,6241,82396,,Larawag,26 Sco/26Eps Sco/HD 151680/HIP 82396/HR 6241/HYG 82143/Larawag/MN 80/ε Sco,Larawag,ε Sco,26 Sco,Sco,16.83608,-34.293232,348.811251655788,6.560698489044199,-611.83,-255.87,-3.0,19.5351,2.29,,,1.144,K2IIIb,40.3273792976113,-4.842163,-15.39568,-11.006616,-5.042e-05,3.282e-05,-1.829e-05,82144,,0,0
81,129056,5469,71860,,α Lup,Alp Lup/HD 129056/HIP 71860/HR 5469/HYG 71633/MN 81/α Lup,,α Lup,,Lup,14.698823,-47.3882,321.61072320382914,11.43654663281323,-21.15,-24.22,5.0,142.4501,2.3,2.311,2.281,-0.154,B1.5III,2124.222477388697,-73.354913,-62.611867,-104.837277,-2.75e-06,1.685e-05,-1.509e-05,71634,,0,1
82,127972,5440,71352,,η Cen,Eta Cen/HD 127972/HIP 71352/HR 5440/HYG 71124/MN 82/η Cen,,η Cen,,Cen,14.591786,-42.157824,322.7740207195723,16.669129166797205,-35.31,-32.44,0.0,93.7207,2.33,2.378,2.308,-0.157,B1Vn + A,894.5404837788689,-54.086167,-43.605833,-62.903,-2.37e-06,1.87e-05,-1.093e-05,71125,,0,1
83,95418,4295,53910,GJ 9343,Merak,48 UMa/48Bet UMa/GJ 9343/HD 95418/HIP 53910/HR 4295/HYG 53754/MN 83/Merak/β UMa,Merak,β UMa,48 UMa,UMa,11.030677,56.382427,149.16621724662994,54.80401847601786,81.66,33.74,-12.0,24.4499,2.34,,,0.033,A1V,60.311481961781745,-13.103033,3.398358,20.360601,7.37e-06,-1.191e-05,-8.01e-06,53754,,0,0
84,129988,5505,72105,,Izar,36 Boo/36Eps Boo/HD 129988/HIP 72105/HR 5505/HYG 71878/Izar/MN 84/ε Boo,Izar,ε Boo,36 Boo,Boo,14.749784,27.074222,39.38466897232295,64.78416941767304,-50.65,20.0,-23.0,62.1118,2.35,,,0.966,A0,385.8335599053513,-41.582771,-36.462926,28.269741,7.75e-06,2.708e-05,-5.34e-06,71879,,0,0
85,206778,8308,107315,,Enif,8 Peg/8Eps Peg/Enif/HD 206778/HIP 107315/HR 8308/HYG 106971/MN 85/ε Peg,Enif,ε Peg,8 Peg,Peg,21.736433,9.875011,65.57099445730081,-31.45754242940435,30.02,1.38,5.0,211.4165,2.38,2.404,2.364,1.52,K2Ibvar,4349.106072324538,172.769915,-116.330918,36.25782,2.116e-05,2.284e-05,2.27e-06,106972,,0,1
86,160578,6580,86670,,κ Sco,HD 160578/HIP 86670/HR 6580/HYG 86402/Kap Sco/MN 86/κ Sco,,κ Sco,,Sco,17.708132,-39.029983,351.04374902081145,-4.719239273618594,-6.49,-25.55,-14.0,148.1481,2.39,2.404,2.384,-0.171,B1.5III,2114.462561652589,-8.785101,-114.747994,-93.292778,-2.92e-06,2.297e-05,-5.24e-06,86403,,0,1
87,2261,99,2081,,Ankaa,Alp Phe/Ankaa/HD 2261/HIP 2081/HR 99/HYG 2076/MN 87/α Phe,Ankaa,α Phe,,Phe,0.438056,-42.305981,320.00030588122013,-73.97840651226262,232.76,-353.64,75.0,25.974,2.4,,,1.083,K0III...,64.44659847416881,19.083654,2.198282,-17.483284,2.323e-05,3.218e-05,-8.456e-05,2076,,0,0
88,103287,4554,58001,,Phecda,64 UMa/64Gam UMa/HD 103287/HIP 58001/HR 4554/HYG 57827/MN 88/Phecda/γ UMa,Phecda,γ UMa,64 UMa,UMa,11.897168,53.69476,140.8401073322504,61.38483358631556,107.76,11.16,-13.0,25.5037,2.41,,,0.044,A0V SB,61.54602373713163,-15.094867,0.406425,20.552678,8.62e-06,-1.356e-05,-9.9e-06,57828,,0,0
89,155125,6378,84012,Gl 656.1A,Sabik,35 Oph/35Eta Oph/Gl 656.1A/HD 155125/HIP 84012/HR 6378/HYG 83754/MN 89/Sabik/η Oph,Sabik,η Oph,35 Oph,Oph,17.172968,-15.72491,6.721432818153933,14.007839413655171,41.16,97.65,-2.4,27.0929,2.43,,,0.059,A2.5Va,68.17105263058534,-5.602493,-25.470005,-7.342684,5.04e-06,-2.25e-06,1.301e-05,83755,Gl 656.1,1,0
90,217906,8775,113881,,Scheat,53 Peg/53Bet Peg/HD 217906/HIP 113881/HR 8775/HYG 113520/MN 90/Scheat/β Peg,Scheat,β Peg,53 Peg,Peg,23.062901,28.082789,95.74850928043855,-29.04489782334323,187.76,137.61,9.0,60.0962,2.44,2.584,2.384,1.655,M2II-IIIvar,332.35330357747745,51.433435,-12.877612,28.290136,2.86e-06,5.567e-05,3.97e-05,113521,,0,1
91,58350,2827,35904,,Aludra,31 CMa/31Eta CMa/Aludra/HD 58350/HIP 35904/HR 2827/HYG 35806/MN 91/η CMa,Aludra,η CMa,31 CMa,CMa,7.401584,-29.303104,242.6165293785857,-6.485715940662952,-3.76,6.66,41.0,609.7561,2.45,2.509,2.409,-0.083,B5Ia,33915.6386905822,-190.762166,496.337122,-298.432917,-6.2e-06,4.711e-05,-3.36e-06,35806,,0,1
92,203280,8162,105199,Gl 826,Alderamin,5 Cep/5Alp Cep/Alderamin/Gl 826/HD 203280/HIP 105199/HR 8162/HYG 104860/MN 92/α Cep,Alderamin,α Cep,5 Cep,Cep,21.30963,62.585573,100.99883564388456,9.172072209484185,149.91,48.27,-11.5,15.0376,2.45,,,0.257,A7IV-V,20.62528697846573,5.276111,-4.483201,13.348778,5.7e-07,1.386e-05,-8.82e-06,104861,,0,0
93,81188,3734,45941,,Markeb,HD 81188/HIP 45941/HR 3734/HYG 45809/Kap Vel/MN 93/Markeb/κ Vel,Markeb,κ Vel,,Vel,9.368562,-55.010668,275.8822451974773,-3.537433415631901,-10.72,11.24,22.0,175.4386,2.47,,,-0.141,B2IV,2756.7666102901003,-77.65777,63.951481,-143.729782,-1.021e-05,2.022e-05,-1.295e-05,45809,,0,0
94,197989,7949,102488,Gl 806.1A,Aljanah,53 Cyg/53Eps Cyg/Aljanah/Gl 806.1A/HD 197989/HIP 102488/HR 7949/HYG 102156/MN 94/ε Cyg,Aljanah,ε Cyg,53 Cyg,Cyg,20.770178,33.970256,75.9512713667538,-5.7153003826864825,356.16,330.28,-10.9,22.2916,2.48,,,1.021,K0III,44.09608164506378,12.262597,-13.834612,12.455654,9.44e-06,4.737e-05,2.337e-05,102157,Gl 806.1,1,0
95,218045,8781,113963,,Markab,54 Peg/54Alp Peg/HD 218045/HIP 113963/HR 8781/HYG 113602/MN 95/Markab/α Peg,Markab,α Peg,54 Peg,Peg,23.079348,15.205264,88.27978518286038,-40.38106392333921,61.1,-42.56,-4.0,40.8831,2.49,,,-0.002,B9.5III,146.96028989796503,38.311434,-9.417123,10.722722,1.21e-06,1.217e-05,-9.21e-06,113603,,0,0
96,18884,911,14135,,Menkar,92 Cet/92Alp Cet/HD 18884/HIP 14135/HR 911/HYG 14100/MN 96/Menkar/α Cet,Menkar,α Cet,92 Cet,Cet,3.037992,4.089734,173.3159794632238,-45.595701400753775,-11.81,-78.76,-26.0,76.3942,2.54,2.561,2.521,1.63,M2III,489.77881936844614,53.342561,54.414384,5.448321,-1.399e-05,-2.052e-05,-3.099e-05,14100,,0,1
97,149757,6175,81377,,ζ Oph,13 Oph/13Zet Oph/HD 149757/HIP 81377/HR 6175/HYG 81129/MN 97/ζ Oph,,ζ Oph,13 Oph,Oph,16.619316,-10.56709,6.281232831563326,23.587740581394307,13.07,25.44,-15.0,112.2334,2.54,2.55,2.52,0.038,O9.5V,1057.791322499501,-39.017319,-103.200447,-20.582092,1.109e-05,9.22e-06,1.642e-05,81130,,0,1
98,121263,5231,68002,,ζ Cen,HD 121263/HIP 68002/HR 5231/HYG 67785/MN 98/Zet Cen/ζ Cen,,ζ Cen,,Cen,13.925667,-47.288375,314.06878627528283,14.192489364935296,-57.14,-44.75,7.0,117.096,2.55,,,-0.176,B2.5IV,1140.7750129221204,-69.545858,-38.36753,-86.039492,-3.58e-06,3.507e-05,-2.249e-05,67786,,0,0
99,97603,4357,54872,Gl 419,Zosma,68 Leo/68Del Leo/Gl 419/HD 97603/HIP 54872/HR 4357/HYG 54711/MN 99/Zosma/δ Leo,Zosma,δ Leo,68 Leo,Leo,11.235138,20.523717,224.2285008674596,66.82750486468092,143.31,-130.43,-20.2,17.9147,2.56,,,0.128,A4V,26.448436268543603,-16.442201,3.337108,6.280742,1.259e-05,-1.526e-05,-1.785e-05,54712,,0,0
100,144217,5984,78820,,Acrab,8 Sco/8Bet1Sco/Acrab/HD 144217/HIP 78820/HR 5984/HYG 78579/MN 100/β1 Sco,Acrab,β1 Sco,8 Sco,Sco,16.09062,-19.805453,353.19287071646505,23.599623071315456,-6.75,-24.89,-1.0,123.9157,2.56,,,-0.065,B0.5V,1265.9017493002452,-55.881427,-102.320756,-41.98604,-6.7e-07,7.23e-06,-1.372e-05,78580,,0,0
101,36673,1865,25985,,Arneb,11 Lep/11Alp Lep/Arneb/HD 36673/HIP 25985/HR 1865/HYG 25920/MN 101/α Lep,Arneb,α Lep,11 Lep,Lep,5.545504,-17.822289,220.94712336218245,-25.141357713381677,3.27,1.54,24.0,680.2721,2.58,,,0.211,F0Ib,37428.29122408052,76.877195,643.047236,-208.208,-7.75e-06,2.603e-05,-2.68e-06,25920,,0,0
102,105435,4621,59196,,δ Cen,Del Cen/HD 105435/HIP 59196/HR 4621/HYG 59015/MN 102/δ Cen,,δ Cen,,Cen,12.13931,-50.722425,295.9963972227286,11.568292611938428,-47.53,-6.42,11.0,127.2265,2.58,2.626,2.496,-0.128,B2IVne,1309.784962399686,-80.490795,-2.936809,-98.48459,-5.12e-06,2.915e-05,-1.122e-05,59016,,0,1
103,106625,4662,59803,,Gienah,4 Crv/4Gam Crv/Gienah/HD 106625/HIP 59803/HR 4662/HYG 59620/MN 103/γ Crv,Gienah,γ Crv,4 Crv,Crv,12.263437,-17.541929,290.9847093266107,44.5016672618833,-159.58,22.31,-4.0,47.1032,2.58,,,-0.107,B8III,179.47336268325265,-44.805937,-3.095058,-14.197066,-1.5e-07,3.652e-05,6.09e-06,59621,,0,0
104,176687,7194,93506,,Ascella,38 Sgr/38Zet Sgr/Ascella/HD 176687/HIP 93506/HR 7194/HYG 93212/MN 104/ζ Sgr,Ascella,ζ Sgr,38 Sgr,Sgr,19.043532,-29.880105,6.840305588581101,-15.353532209652176,-14.1,3.66,22.0,27.0416,2.6,,,0.062,A3IV,58.07644175213118,6.326274,-22.577554,-13.471863,3.55e-06,-1.951e-05,-1.079e-05,93213,,0,0
105,135742,5685,74785,,Zubeneschamali,27 Lib/27Bet Lib/HD 135742/HIP 74785/HR 5685/HYG 74555/MN 105/Zubeneschamali/β Lib,Zubeneschamali,β Lib,27 Lib,Lib,15.283449,-9.382917,352.0221213028442,39.23424005505746,-96.39,-20.76,-35.0,56.7537,2.61,,,-0.071,B8V,253.51286304979072,-36.549398,-42.420251,-9.252607,3.57e-06,4.477e-05,2e-07,74556,,0,0
106,140573,5854,77070,Gl 596.2,Unukalhai,24 Ser/24Alp Ser/Gl 596.2/HD 140573/HIP 77070/HR 5854/HYG 76834/MN 106/Unukalhai/α Ser,Unukalhai,α Ser,24 Ser,Ser,15.737798,6.425627,14.20286150711886,44.07898020387947,134.66,44.14,2.7,22.6757,2.63,,,1.167,K2III,39.73745050614631,-12.5786,-18.695648,2.537718,1.105e-05,-1.009e-05,5.13e-06,76835,,0,0
107,11636,553,8903,Gl 80,Sheratan,6 Ari/6Bet Ari/Gl 80/HD 11636/HIP 8903/HR 553/HYG 8884/MN 107/Sheratan/β Ari,Sheratan,β Ari,6 Ari,Ari,1.910668,20.808035,142.2449002549163,-39.68170305970209,96.32,-108.8,-4.0,17.9856,2.64,,,0.165,A5V...,24.774220576332848,14.752622,8.063457,6.389157,-4.43e-06,7.15e-06,-1.032e-05,8884,,0,0
108,37795,1956,26634,,Phact,Alp Col/HD 37795/HIP 26634/HR 1956/HYG 26569/MN 108/Phact/α Col,Phact,α Col,,Col,5.660817,-34.074108,238.8088873728367,-28.85729563817777,-0.1,-24.05,35.0,80.1282,2.65,,,-0.12,B7IV,487.07966649253666,5.885917,66.110037,-44.89318,2.2e-06,2.432e-05,-2.779e-05,26569,,0,0
109,40312,2095,28380,,Mahasim,37 Aur/37The Aur/HD 40312/HIP 28380/HR 2095/HYG 28309/MN 109/Mahasim/θ Aur,Mahasim,θ Aur,37 Aur,Aur,5.995351,37.212585,174.3383796671619,6.72931379140824,42.09,-73.61,30.0,50.7614,2.65,2.66,2.63,-0.083,A0p Si,195.52396696208865,0.049188,40.426416,30.69934,-1.031e-05,3.54e-05,4.13e-06,28309,,0,1
110,109379,4786,61359,,Kraz,9 Crv/9Bet Crv/HD 109379/HIP 61359/HR 4786/HYG 61165/Kraz/MN 110/β Crv,Kraz,β Crv,9 Crv,Crv,12.573121,-23.396759,297.8739486461147,39.30747647392197,0.86,-56.0,-8.0,44.6628,2.65,,,0.893,G5II,151.3561248436207,-40.529889,-6.127261,-17.73539,1.221e-05,1.66e-06,-7.88e-06,61166,,0,0
111,8538,403,6686,,Ruchbah,37 Cas/37Del Cas/HD 8538/HIP 6686/HR 403/HYG 6672/MN 111/Ruchbah/δ Cas,Ruchbah,δ Cas,37 Cas,Cas,1.430216,60.235283,127.18973119457335,-2.3519776812639495,297.24,-49.49,7.0,30.4785,2.66,2.666,2.656,0.16,A5Vv SB,69.82324040771711,14.082378,5.53413,26.457567,-6.85e-06,4.45e-05,2.58e-06,6672,,0,1
112,121370,5235,67927,Gl 534,Muphrid,8 Boo/8Eta Boo/Gl 534/HD 121370/HIP 67927/HR 5235/HYG 67710/MN 112/Muphrid/η Boo,Muphrid,η Boo,8 Boo,Boo,13.911411,18.397717,5.288513439038936,73.03031731240466,-60.95,-358.1,1.0,11.396,2.68,,,0.58,G0IV,9.585173976856456,-9.487671,-5.188142,3.596709,-7.95e-06,-5.1e-07,-1.845e-05,67711,,0,0
113,132058,5571,73273,,β Lup,Bet Lup/HD 132058/HIP 73273/HR 5571/HYG 73045/MN 113/β Lup,,β Lup,,Lup,14.975537,-43.13396,326.2522565604344,13.909140900035371,-34.06,-38.3,-0.8,117.3709,2.68,,,-0.184,B2III,1016.716800466376,-60.951955,-60.176134,-80.247234,-2.59e-06,2.468e-05,-1.534e-05,73046,,0,0
114,31398,1577,23015,,Hassaleh,3 Aur/3Iot Aur/HD 31398/HIP 23015/HR 1577/HYG 22961/Hassaleh/MN 114/ι Aur,Hassaleh,ι Aur,3 Aur,Aur,4.949894,33.16609,170.5900347385737,-6.159521452570948,3.63,-18.54,18.0,151.2859,2.69,,,1.49,K3IIvar,1673.4009068393125,34.378539,121.884168,82.763748,3.64e-06,2.271e-05,-1.31e-06,22961,,0,0
115,93497,4216,52727,,μ Vel,HD 93497/HIP 52727/HR 4216/HYG 52575/MN 115/Mu Vel/μ Vel,,μ Vel,,Vel,10.779488,-49.420255,283.02677476379813,8.572347617246091,62.55,-53.57,6.0,35.9195,2.69,,,0.901,G5III SB,94.36262202767266,-22.183186,7.339648,-27.280949,-4.8e-07,-1.131e-05,-1.073e-05,52575,,0,0
116,109668,4798,61585,,α Mus,Alp Mus/HD 109668/HIP 61585/HR 4798/HYG 61391/MN 116/α Mus,,α Mus,,Mus,12.619739,-69.135564,301.6558028213232,-6.299140991947539,-39.87,-12.44,13.0,96.7118,2.69,2.7,2.69,-0.176,B2IV-V,683.5967668381046,-33.992375,-5.563974,-90.370102,-2.31e-06,1.856e-05,-1.45e-05,61392,,0,1
117,158408,6508,85696,,Lesath,34 Sco/34Ups Sco/HD 158408/HIP 85696/HR 6508/HYG 85435/Lesath/MN 117/υ Sco,Lesath,υ Sco,34 Sco,Sco,17.512732,-37.295811,351.27395330970273,-1.844564321775494,-4.19,-29.14,8.0,176.6784,2.7,,,-0.179,B2IV,2261.517746108362,-17.880984,-139.40881,-107.054828,-2.46e-06,9e-06,-2.481e-05,85436,,0,0
118,56855,2773,35264,,π Pup,HD 56855/HIP 35264/HR 2773/HYG 35169/MN 118/Pi Pup/π Pup,,π Pup,,Pup,7.285711,-37.09747,249.01066096359537,-11.279006953809564,-10.57,7.0,16.0,247.5248,2.71,2.741,2.681,1.616,K3Ib,4397.440784473689,-65.206299,186.349551,-149.300305,5.99e-06,2.129e-05,-3.17e-06,35169,,0,1
119,168454,6859,89931,,Kaus Media,19 Sgr/19Del Sgr/HD 168454/HIP 89931/HR 6859/HYG 89652/Kaus Media/MN 119/δ Sgr,Kaus Media,δ Sgr,19 Sgr,Sgr,18.3499,-29.828103,3.00089274537582,-7.154566359872547,29.96,-26.38,-20.0,106.6098,2.72,,,1.38,K3III,808.3510373900685,8.460232,-92.098382,-53.027575,1.318e-05,2.584e-05,-1.65e-06,89653,,0,0
120,186791,7525,97278,,Tarazed,50 Aql/50Gam Aql/HD 186791/HIP 97278/HR 7525/HYG 96969/MN 120/Tarazed/γ Aql,Tarazed,γ Aql,50 Aql,Aql,19.770994,10.613261,48.726026695003185,-7.081162015182227,15.72,-3.08,-2.0,121.0654,2.72,,,1.507,K3II,1042.3174293933046,53.215608,-106.431852,22.297682,7.5e-06,5.63e-06,-2.15e-06,96970,,0,0
121,146051,6056,79593,,Yed Prior,1 Oph/1Del Oph/HD 146051/HIP 79593/HR 6056/HYG 79351/MN 121/Yed Prior/δ Oph,Yed Prior,δ Oph,1 Oph,Oph,16.239094,-3.694323,8.842944900571162,32.196618228237305,-45.83,-142.91,-20.0,52.4659,2.73,,,1.584,M1III,193.9099078614849,-23.290749,-46.890988,-3.380547,-3.2e-07,2.556e-05,-3.495e-05,79352,,0,0
122,148387,6132,80331,Gl 624.1A,Athebyne,14 Dra/14Eta Dra/Athebyne/Gl 624.1A/HD 148387/HIP 80331/HR 6132/HYG 80088/MN 122/η Dra,Athebyne,η Dra,14 Dra,Dra,16.39986,61.514213,92.58449828997634,40.95104678827206,-16.98,56.68,-13.7,28.2326,2.73,,,0.91,G8III,56.182362813422785,-5.477258,-12.300885,24.814526,3.37e-06,1.328e-05,-8.62e-06,80089,Gl 624.1,1,0
123,93030,4199,52419,,θ Car,HD 93030/HIP 52419/HR 4199/HYG 52268/MN 123/The Car/θ Car,,θ Car,,Car,10.715949,-64.39445,289.59782044047415,-4.901706784006402,-18.87,12.06,24.0,139.6648,2.74,,,-0.22,B0Vp,1361.4446824659497,-56.980945,19.910719,-125.948607,-1.275e-05,1.799e-05,-1.861e-05,52268,,0,0
124,110379,4825,61941,Gl 482A,Porrima,29 Vir/29Gam Vir/Gl 482A/HD 110379/HIP 61941/HR 4825/HYG 61747/MN 124/Porrima/γ Vir,Porrima,γ Vir,29 Vir,Vir,12.694345,-1.449375,297.8342974986446,61.32556284421969,-616.66,60.66,-19.9,11.685,2.74,,,0.368,F0V+...,9.532350439205146,-11.488622,-2.111702,-0.295552,1.361e-05,3.802e-05,3.95e-06,61748,Gl 482,1,0
125,37043,1899,26241,,Hatysa,44 Ori/44Iot Ori/HD 37043/HIP 26241/HR 1899/HYG 26176/Hatysa/MN 125/ι Ori,Hatysa,ι Ori,44 Ori,Ori,5.590551,-5.909901,209.52211703019972,-19.58345870245253,2.27,-0.62,22.0,714.2857,2.75,,,-0.21,O9III,35285.8025828527,76.014147,706.411475,-73.54604,-5.44e-06,2.287e-05,-4.45e-06,26176,,0,0
126,115892,5028,65109,Gl 508.1,ι Cen,Gl 508.1/HD 115892/HIP 65109/HR 5028/HYG 64903/Iot Cen/MN 126/ι Cen,,ι Cen,,Cen,13.343296,-36.712295,309.41884407534945,25.79189094221589,-340.76,-87.98,0.1,18.0213,2.75,,,0.068,A2V,22.46984103640156,-13.562569,-4.976416,-10.773082,-6.02e-06,2.95e-05,-6.22e-06,64904,,0,0
127,130841,5531,72622,Gl 564.1,Zubenelgenubi,9 Lib/9Alp2Lib/Gl 564.1/HD 130841/HIP 72622/HR 5531/HYG 72395/MN 127/Zubenelgenubi/α2 Lib,Zubenelgenubi,α2 Lib,9 Lib,Lib,14.847977,-16.041778,340.32579026349936,38.008272557577484,-105.69,-69.0,-46.7,23.2396,2.75,,,0.147,A3IV,37.35940922587999,-16.408581,-15.151818,-6.421874,2.722e-05,4.135e-05,5.73e-06,72396,,0,0
128,161096,6603,86742,,Cebalrai,60 Oph/60Bet Oph/Cebalrai/HD 161096/HIP 86742/HR 6603/HYG 86474/MN 128/β Oph,Cebalrai,β Oph,60 Oph,Oph,17.724543,4.567303,29.21337680654337,17.191283800169373,-40.67,158.8,-12.0,25.0941,2.76,,,1.168,K2III,43.171784447092264,-1.802333,-24.949291,1.998237,-3.94e-06,1.409e-05,1.828e-05,86475,,0,0
129,33111,1666,23875,GJ 9175,Cursa,67 Eri/67Bet Eri/Cursa/GJ 9175/HD 33111/HIP 23875/HR 1666/HYG 23820/MN 129/β Eri,Cursa,β Eri,67 Eri,Eri,5.130829,-5.086446,205.33776857818165,-25.315553840960582,-83.39,-75.44,-9.2,27.3973,2.78,,,0.161,A3IIIvar,50.53589947531675,6.156194,26.585876,-2.429001,8.48e-06,-1.249e-05,-9.15e-06,23820,,0,0
130,148856,6148,80816,,Kornephoros,27 Her/27Bet Her/HD 148856/HIP 80816/HR 6148/HYG 80570/Kornephoros/MN 130/β Her,Kornephoros,β Her,27 Her,Her,16.503668,21.489613,39.00772889061358,40.21289349246423,-98.43,-14.49,-26.0,42.6621,2.78,,,0.947,G8III,122.4616199265049,-15.155861,-36.689058,15.62843,-9.79e-06,2.963e-05,-1.253e-05,80571,,0,0
131,156014,6406,84345,,Rasalgethi,64 Her/64Alp1Her/HD 156014/HIP 84345/HR 6406/HYG 84085/MN 131/Rasalgethi/α1 Her,Rasalgethi,α1 Her,64 Her,Her,17.244127,14.390333,35.53377291494863,27.818416676236033,-6.71,32.78,-33.0,110.2536,2.78,2.967,2.567,1.164,M5IIvar,818.0879579457477,-20.995512,-104.709944,27.400863,3.77e-06,3.703e-05,8.58e-06,84086,,0,1
132,106490,4656,59747,,Imai,Del Cru/HD 106490/HIP 59747/HR 4656/HYG 59564/Imai/MN 132/δ Cru,Imai,δ Cru,,Cru,12.252427,-58.748928,298.22900194857567,3.79103156145534,-36.68,-10.72,22.0,105.8201,2.79,2.794,2.784,-0.193,B2IV,746.7925899308835,-54.778605,-3.62525,-90.466,-8.2e-06,1.831e-05,-2.209e-05,59565,,0,1
133,159181,6536,85670,,Rastaban,23 Dra/23Bet Dra/HD 159181/HIP 85670/HR 6536/HYG 85409/MN 133/Rastaban/β Dra,Rastaban,β Dra,23 Dra,Dra,17.507213,52.301387,79.57896345683004,33.310242817200944,-15.59,11.57,-20.0,116.5501,2.79,,,0.954,G2II,906.149802231998,-9.169333,-70.678899,92.218765,-6.46e-06,1.867e-05,-1.219e-05,85410,,0,0
134,138690,5776,76297,,γ Lup,Gam Lup/HD 138690/HIP 76297/HR 5776/HYG 76064/MN 134/γ Lup,,γ Lup,,Lup,15.585681,-41.166757,333.1940912218597,11.891394712750635,-16.05,-25.52,2.0,129.0323,2.8,,,-0.216,B2IV,1099.5120668793495,-57.388809,-78.369378,-84.935884,-2.8e-06,1.317e-05,-1.336e-05,76065,,0,0
135,36079,1829,25606,,Nihal,9 Lep/9Bet Lep/HD 36079/HIP 25606/HR 1829/HYG 25542/MN 135/Nihal/β Lep,Nihal,β Lep,9 Lep,Lep,5.470756,-20.759441,223.56122369576144,-27.201327177409215,-5.03,-85.92,-14.0,49.1642,2.81,,,0.807,G5II,158.1976398601154,6.349344,45.531613,-17.425966,-1.66e-06,-2.061e-05,-1.407e-05,25542,,0,0
136,150680,6212,81693,Gl 635A,ζ Her,40 Her/40Zet Her/Gl 635A/HD 150680/HIP 81693/HR 6212/HYG 81443/MN 136/ζ Her,,ζ Her,40 Her,Her,16.688113,31.602726,52.660732165853226,40.28909723866117,-462.58,345.05,-70.4,10.7158,2.81,,,0.65,F9IV,7.516228940182053,-3.073152,-8.593139,5.615032,1.18e-06,7.468e-05,-2.246e-05,81444,Gl 635,1,0
137,2151,98,2021,Gl 19,β Hyi,Bet Hyi/Gl 19/HD 2151/HIP 2021/HR 98/HYG 2016/MN 137/β Hyi,,β Hyi,,Hyi,0.427916,-77.254247,304.77741928933517,-39.78154529576831,2220.12,324.37,22.9,7.4588,2.82,,,0.618,G2IV,3.607447338641915,1.635267,0.184517,-7.275205,7.54e-06,8.163e-05,-2.026e-05,2016,,0,0
138,149438,6165,81266,,Paikauhale,23 Sco/23Tau Sco/HD 149438/HIP 81266/HR 6165/HYG 81019/MN 138/Paikauhale/τ Sco,Paikauhale,τ Sco,23 Sco,Sco,16.598043,-28.216016,351.53477379709824,12.808128780557425,-8.59,-22.5,2.0,145.3488,2.82,,,-0.206,B0V,1370.2505971242451,-45.960032,-119.546841,-68.7205,-3.61e-06,7.49e-06,-1.494e-05,81020,,0,0
139,169916,6913,90496,Gl 713.1,Kaus Borealis,22 Sgr/22Lam Sgr/Gl 713.1/HD 169916/HIP 90496/HR 6913/HYG 90216/Kaus Borealis/MN 139/λ Sgr,Kaus Borealis,λ Sgr,22 Sgr,Sgr,18.466179,-25.4217,7.66029892598632,-6.521780637996444,-44.81,-186.29,-43.2,23.9693,2.82,,,1.025,K1IIIb,37.25632384666037,2.635486,-21.487046,-10.289309,-1.116e-05,4.82e-05,-5.8e-07,90217,,0,0
140,886,39,1067,,Algenib,88 Peg/88Gam Peg/Algenib/HD 886/HIP 1067/HR 39/HYG 1065/MN 140/γ Peg,Algenib,γ Peg,88 Peg,Peg,0.220598,15.183596,109.43381822440416,-46.68448644189724,4.7,-8.24,4.0,120.048,2.83,2.846,2.816,-0.19,B2IV,926.4031007363994,115.664183,6.687324,31.442127,5.04e-06,3.03e-06,-3.56e-06,1065,,0,1
141,67523,3185,39757,,Tureis,15 Pup/15Rho Pup/HD 67523/HIP 39757/HR 3185/HYG 39644/MN 141/Tureis/ρ Pup,Tureis,ρ Pup,15 Pup,Pup,8.125737,-24.304324,243.14834093401436,4.401905074663118,-83.29,46.38,46.0,19.4818,2.83,2.875,2.775,0.458,F2mF5IIp,24.389337302789126,-9.379037,15.076242,-8.018549,-1.692e-05,4.209e-05,-1.537e-05,39644,,0,1
142,141891,5897,77952,Gl 601A,β TrA,Bet TrA/Gl 601A/HD 141891/HIP 77952/HR 5897/HYG 77715/MN 142/β TrA,,β TrA,,TrA,15.919083,-63.430727,321.845358975147,-7.52382734875256,-188.45,-401.92,0.4,12.3778,2.83,,,0.315,F2III,9.84464363980378,-2.869157,-4.734869,-11.070637,1.41e-06,2.415e-05,-1.115e-05,77716,Gl 601,1,0
143,24398,1203,18246,,ζ Per,44 Per/44Zet Per/HD 24398/HIP 18246/HR 1203/HYG 18201/MN 143/ζ Per,,ζ Per,44 Per,Per,3.9022,31.883635,162.28913082792067,-16.690388347829185,4.41,-9.15,20.0,230.4147,2.84,,,0.271,B1Ib,3382.205566696543,102.130978,166.878316,121.704179,7.68e-06,2.199e-05,2.13e-06,18201,,0,0
144,157244,6461,85258,,β Ara,Bet Ara/HD 157244/HIP 85258/HR 6461/HYG 84998/MN 144/β Ara,,β Ara,,Ara,17.421665,-55.529884,335.36719933872365,-11.012873152019536,-8.23,-24.71,-0.4,198.0198,2.84,,,1.479,K3Ib-II,2498.04351871415,-16.904234,-110.792345,-163.251778,-4.83e-06,2.075e-05,-1.309e-05,84999,,0,0
145,158427,6510,85792,,α Ara,Alp Ara/HD 158427/HIP 85792/HR 6510/HYG 85529/MN 145/α Ara,,α Ara,,Ara,17.530695,-49.876145,340.7552116826058,-8.827210290544436,-31.27,-67.15,0.0,81.9672,2.84,2.874,2.794,-0.136,B2Vne,427.7598314820376,-6.473763,-52.424912,-62.676478,-9.83e-06,2.177e-05,-1.72e-05,85530,,0,1
146,23630,1165,17702,,Alcyone,25 Tau/25Eta Tau/Alcyone/HD 23630/HIP 17702/HR 1165/HYG 17661/MN 146/η Tau,Alcyone,η Tau,25 Tau,Tau,3.79141,24.105137,166.6682543609817,-23.455215018037915,19.35,-43.11,10.0,123.6094,2.85,,,-0.086,B7III,963.8290236239706,61.664507,94.489136,50.483636,1.16e-06,2.299e-05,-1.94e-05,17661,,0,0
147,60178,2890,0,Gl 278B,α Gem,66 Gem/66Alp Gem/Gl 278B/HD 60178/HR 2890/HYG 118480/MN 147/α Gem,,α Gem,66 Gem,Gem,7.576827,31.89052,187.43957937270864,22.482349003690487,-162.69,-98.14,-1.2,15.8053,2.85,,,0.0,A m,15.761589049638374,-5.383676,12.292323,8.349873,1.024e-05,7.69e-06,-7.03e-06,36744,Gl 278,1,0
148,113226,4932,63608,,Vindemiatrix,47 Vir/47Eps Vir/HD 113226/HIP 63608/HR 4932/HYG 63404/MN 148/Vindemiatrix/ε Vir,Vindemiatrix,ε Vir,47 Vir,Vir,13.036278,10.95915,312.3250558223395,73.63473841695392,-275.05,19.96,-14.0,33.6022,2.85,,,0.934,G8IIIvar,71.25248247522671,-31.782664,-8.840495,6.38806,2.13e-06,4.71e-05,4.7e-07,63405,,0,0
149,207098,8322,107556,Gl 837,Deneb Algedi,49 Cap/49Del Cap/Deneb Algedi/Gl 837/HD 207098/HIP 107556/HR 8322/HYG 107212/MN 149/δ Cap,Deneb Algedi,δ Cap,49 Cap,Cap,21.784011,-16.127286,37.600605237644054,-46.013284737778555,263.26,-296.23,-6.3,11.8666,2.85,2.93,2.82,0.18,A5mF2 (IV),8.8879171988482,9.534405,-6.248606,-3.296196,-8.3e-07,1.865e-05,-1.458e-05,107213,,0,1
150,12311,591,9236,Gl 83,α Hyi,Alp Hyi/Gl 83/HD 12311/HIP 9236/HR 591/HYG 9217/MN 150/α Hyi,,α Hyi,,Hyi,1.979451,-61.569859,289.44627433808773,-53.76018611728944,262.54,26.88,15.2,22.0119,2.86,,,0.29,F0V,30.283076942657782,9.103629,5.191033,-19.357346,-5.26e-06,2.925e-05,-1.231e-05,9217,,0,0
151,186882,7528,97165,,Fawaris,18 Cyg/18Del Cyg/Fawaris/HD 186882/HIP 97165/HR 7528/HYG 96857/MN 151/δ Cyg,Fawaris,δ Cyg,18 Cyg,Cyg,19.749574,45.13081,78.70953890481226,10.243053487599813,43.22,48.44,-20.0,50.5817,2.86,,,-0.002,B9.5III,159.95580286146696,15.779435,-32.006459,35.8481,-6e-07,2.518e-05,-6.12e-06,96858,,0,0
152,44478,2286,30343,,Tejat,13 Gem/13Mu Gem/HD 44478/HIP 30343/HR 2286/HYG 30270/MN 152/Tejat/μ Gem,Tejat,μ Gem,13 Gem,Gem,6.382673,22.513586,189.72657563513343,4.169140499415177,56.84,-108.79,55.0,71.0227,2.87,2.946,2.826,1.621,M3IIIvar,312.46400858061116,-6.562116,65.281443,27.194957,-2.61e-05,6.402e-05,-1.306e-05,30270,,0,1
153,135382,5671,74946,,γ TrA,Gam TrA/HD 135382/HIP 74946/HR 5671/HYG 74716/MN 153/γ TrA,,γ TrA,,TrA,15.315181,-68.679545,315.7118813527242,-9.549702383299298,-66.48,-32.0,-3.0,56.3698,2.87,,,0.014,A1V,196.7886289706845,-13.248562,-15.637336,-52.51191,-7.87e-06,1.881e-05,-3.2e-07,74717,,0,0
154,211416,8502,110130,,α Tuc,Alp Tuc/HD 211416/HIP 110130/HR 8502/HYG 109783/MN 154/α Tuc,,α Tuc,,Tuc,22.308371,-60.259587,330.2213196349934,-47.96317670931974,-71.48,-38.15,42.0,61.237,2.87,,,1.39,K3III,232.2736796357105,27.447381,-13.018072,-53.171301,1.27e-06,-2.409e-05,-4.291e-05,109784,,0,0
155,18622,897,13847,,Acamar,Acamar/HD 18622/HIP 13847/HR 897/HYG 13813/MN 155/The1Eri/θ1 Eri,Acamar,θ1 Eri,,Eri,2.971023,-40.304672,247.855612504226,-60.73627973778946,-53.53,25.71,12.0,49.4315,2.88,,,0.128,A4III+...,149.96848355023724,26.85749,26.453029,-31.974932,1.851e-05,2.3e-07,-3.24e-06,13813,,0,0
156,178524,7264,94141,,Albaldah,41 Sgr/41Pi Sgr/Albaldah/HD 178524/HIP 94141/HR 7264/HYG 93845/MN 156/π Sgr,Albaldah,π Sgr,41 Sgr,Sgr,19.162731,-21.023615,15.885730969598898,-13.293694321959473,-1.17,-36.83,-10.0,156.25,2.88,,,0.377,F2II/III,1498.30421062266,43.714239,-139.143552,-56.055078,-6.71e-06,1.839e-05,-2.237e-05,93846,,0,0
157,58715,2845,36188,,Gomeisa,3 CMi/3Bet CMi/Gomeisa/HD 58715/HIP 36188/HR 2845/HYG 36087/MN 157/β CMi,Gomeisa,β CMi,3 CMi,CMi,7.452512,8.289315,209.519935780582,11.678516034253969,-50.28,-38.45,22.0,49.5786,2.89,2.896,2.876,-0.097,B8Vvar,149.41699574067007,-18.209817,45.556204,7.147858,2.46e-06,2.64e-05,-5.9e-06,36087,,0,1
158,112413,4915,63125,,Cor Caroli,12 CVn/12Alp2CVn/Cor Caroli/HD 112413/HIP 63125/HR 4915/HYG 62924/MN 158/α2 CVn,Cor Caroli,α2 CVn,12 CVn,CVn,12.933807,38.31838,118.30435166560488,78.7685946184728,-233.43,54.98,-3.0,35.1989,2.89,2.943,2.863,-0.115,A0spe...,75.37025766884257,-26.795114,-6.684223,21.824384,-1.66e-06,4.064e-05,5.46e-06,62925,,0,1
159,143018,5944,78265,,Fang,6 Sco/6Pi Sco/Fang/HD 143018/HIP 78265/HR 5944/HYG 78028/MN 159/π Sco,Fang,π Sco,6 Sco,Sco,15.980865,-26.114105,347.21478052424186,20.230461362189743,-12.0,-25.71,-3.0,179.5332,2.89,2.913,2.873,-0.18,B1V + B2V,1960.6496672266012,-81.301517,-139.203202,-79.023364,-2.66e-06,1.615e-05,-1.874e-05,78029,,0,1
160,24760,1220,18532,,ε Per,45 Per/45Eps Per/HD 24760/HIP 18532/HR 1220/HYG 18485/MN 160/ε Per,,ε Per,45 Per,Per,3.96423,40.010215,157.35378892231407,-10.088463776427272,12.61,-24.06,1.0,195.6947,2.9,2.916,2.886,-0.199,B0.5V,2307.809729698403,76.156467,129.09969,125.816858,-2.45e-06,1.939e-05,-1.682e-05,18485,,0,1
161,147165,6084,80112,,Alniyat,20 Sco/20Sig Sco/Alniyat/HD 147165/HIP 80112/HR 6084/HYG 79869/MN 161/σ Sco,Alniyat,σ Sco,20 Sco,Sco,16.353143,-25.592796,351.31299972144427,16.998923398039327,-10.03,-18.03,3.0,213.6752,2.9,2.928,2.868,0.299,B1III,2751.693132808793,-80.536239,-175.075401,-92.301792,-7.22e-06,9.16e-06,-1.817e-05,79870,,0,1
162,204867,8232,106278,,Sadalsuud,22 Aqr/22Bet Aqr/HD 204867/HIP 106278/HR 8232/HYG 105935/MN 162/Sadalsuud/β Aqr,Sadalsuud,β Aqr,22 Aqr,Aqr,21.525982,-5.571172,48.02286217479946,-37.87908553369489,22.79,-6.7,7.0,164.7446,2.9,,,0.828,G0Ib,1635.3096517445822,130.759282,-98.929336,-15.993766,1.625e-05,1.053e-05,-6.02e-06,105936,,0,0
163,18925,915,14328,,γ Per,23 Per/23Gam Per/HD 18925/HIP 14328/HR 915/HYG 14292/MN 163/γ Per,,γ Per,23 Per,Per,3.079942,53.50644,142.06747814132402,-4.336812434027058,0.5,-4.19,3.0,74.5712,2.91,2.922,2.902,0.716,G8III+...,332.04733579750683,30.696986,32.009546,59.949578,1.98e-06,2.32e-06,1.57e-06,14292,,0,1
164,85123,3890,48002,,υ Car,HD 85123/HIP 48002/HR 3890/HYG 47866/MN 164/Ups Car/υ Car,,υ Car,,Car,9.785036,-65.072007,285.0384579139162,-8.819663653768757,-11.55,4.97,14.0,440.5286,2.92,,,0.273,A9,11481.536214968815,-155.321542,101.734428,-399.488275,4.1e-07,2.921e-05,-8.51e-06,47866,,0,0
165,215182,8650,112158,,Matar,44 Peg/44Eta Peg/HD 215182/HIP 112158/HR 8650/HYG 111803/MN 165/Matar/η Peg,Matar,η Peg,44 Peg,Peg,22.716704,30.221245,92.49577638916898,-24.953461515099328,13.11,-26.11,4.0,65.703,2.93,,,0.852,G2II-III..,253.04630494613968,53.59916,-18.717064,33.070991,8.67e-06,1.4e-06,-5.13e-06,111804,,0,0
166,50310,2553,32768,,τ Pup,HD 50310/HIP 32768/HR 2553/HYG 32682/MN 166/Tau Pup/τ Pup,,τ Pup,,Pup,6.832266,-50.61456,260.16322165112587,-20.862620742557443,34.23,-65.85,36.0,55.8036,2.94,,,1.207,K0III...,180.8006552110008,-7.654383,34.572281,-43.130564,-1.111e-05,7.37e-06,-3.976e-05,32682,,0,0
167,108767,4757,60965,,Algorab,7 Crv/7Del Crv/Algorab/HD 108767/HIP 60965/HR 4757/HYG 60775/MN 167/δ Crv,Algorab,δ Crv,7 Crv,Crv,12.497739,-16.515432,295.47221935039977,46.0436057440091,-209.97,-139.3,9.0,26.6312,2.94,,,-0.012,B9.5V,41.19077848677376,-25.316094,-3.317674,-7.57057,-7.2e-06,2.639e-05,-1.986e-05,60776,,0,0
168,209750,8414,109074,,Sadalmelik,34 Aqr/34Alp Aqr/HD 209750/HIP 109074/HR 8414/HYG 108727/MN 168/Sadalmelik/α Aqr,Sadalmelik,α Aqr,34 Aqr,Aqr,22.096399,-0.319851,59.92875464572813,-42.066013235612395,17.9,-9.93,8.0,160.5136,2.95,,,0.969,G2Ib,1483.200967181874,140.987693,-76.722268,-0.896054,1.381e-05,8.34e-06,-7.77e-06,108728,,0,0
169,25025,1231,18543,,Zaurak,34 Eri/34Gam Eri/HD 25025/HIP 18543/HR 1231/HYG 18497/MN 169/Zaurak/γ Eri,Zaurak,γ Eri,34 Eri,Eri,3.967157,-13.508515,205.16211138550833,-44.472775353468045,60.51,-111.34,62.0,62.3441,2.97,3.0,2.95,1.588,M1IIIb Ca-1,219.5836500973188,30.760217,52.235828,-14.56308,1.154e-05,5.563e-05,-4.753e-05,18497,,0,1
170,37202,1910,26451,,Tianguan,123 Tau/123Zet Tau/HD 37202/HIP 26451/HR 1910/HYG 26386/MN 170/Tianguan/ζ Tau,Tianguan,ζ Tau,123 Tau,Tau,5.627413,21.142549,185.6863799928745,-5.636034938102761,2.39,-18.04,20.0,136.4256,2.97,3.032,2.902,-0.148,B4IIIp,1050.9934271862176,12.391949,126.637551,49.207351,7e-07,2.342e-05,-3.75e-06,26386,,0,1
171,84441,3873,47908,,Ras Elased Australis,17 Leo/17Eps Leo/HD 84441/HIP 47908/HR 3873/HYG 47772/MN 171/Ras Elased Australis/ε Leo,Ras Elased Australis,ε Leo,17 Leo,Leo,9.764188,23.774255,206.81690936749337,48.20444166158887,-46.09,-9.57,4.0,75.643,2.97,,,0.808,G0II,323.2957533680941,-57.700126,38.244772,30.494289,5.04e-06,1.694e-05,-1.56e-06,47772,,0,0
172,165135,6746,88635,,Alnasl,10 Sgr/10Gam2Sgr/Alnasl/HD 165135/HIP 88635/HR 6746/HYG 88360/MN 172/γ2 Sgr,Alnasl,γ2 Sgr,10 Sgr,Sgr,18.096803,-30.424091,0.9185935708403437,-4.538060679716578,-55.75,-181.53,22.0,29.7,2.98,,,0.981,K0III,49.38556196176077,0.648969,-25.602281,-15.040072,-7.87e-06,-6.37e-06,-3.393e-05,88361,,0,0
173,115659,5020,64962,,γ Hya,46 Hya/46Gam Hya/HD 115659/HIP 64962/HR 5020/HYG 64757/MN 173/γ Hya,,γ Hya,46 Hya,Hya,13.315359,-23.171512,311.09853496113914,39.264026689506814,68.41,-41.09,-5.0,41.0341,2.99,,,0.92,G8III,93.41142557364785,-35.509172,-12.735386,-16.146279,1.205e-05,-1.014e-05,-5.5e-06,64758,,0,0
174,161471,6615,87073,,ι1 Sco,HD 161471/HIP 87073/HR 6615/HYG 86803/Iot1Sco/MN 174/ι1 Sco,,ι1 Sco,,Sco,17.793078,-40.126997,350.6084383690339,-6.1263752410839825,0.44,-6.4,-28.0,591.716,2.99,,,0.509,F3Ia,19426.743230314907,-24.497404,-451.772701,-381.351324,3.09e-06,3.361e-05,4.42e-06,86804,,0,0
175,177724,7235,93747,GJ 4095A,Okab,17 Aql/17Zet Aql/GJ 4095A/HD 177724/HIP 93747/HR 7235/HYG 93451/MN 175/Okab/ζ Aql,Okab,ζ Aql,17 Aql,Aql,19.090169,13.863478,46.85434880502157,3.2454042192027117,-7.04,-95.31,-25.0,25.4582,2.99,,,0.014,A0Vn,35.94181463147148,6.95881,-23.716532,6.099966,-7.03e-06,2.087e-05,-1.755e-05,93452,GJ 4095,1,0
176,13161,622,10064,,β Tri,4 Tri/4Bet Tri/HD 13161/HIP 10064/HR 622/HYG 10041/MN 176/β Tri,,β Tri,4 Tri,Tri,2.159058,34.987297,140.54792208757652,-25.19845440602572,148.78,-39.13,10.0,38.8954,3.0,,,0.14,A5III,83.0998041044432,26.909766,17.068198,22.302471,-4.38e-06,3.044e-05,-1.8e-07,10041,,0,0
177,96833,4335,54539,,ψ UMa,52 UMa/52Psi UMa/HD 96833/HIP 54539/HR 4335/HYG 54380/MN 177/ψ UMa,,ψ UMa,52 UMa,UMa,11.161062,44.498487,165.80368304810884,63.23048578985958,-62.35,-27.38,-4.0,44.3066,3.0,,,1.144,K1III,107.84499632938316,-30.843315,6.88533,31.054046,1.74e-06,1.333e-05,-7.06e-06,54380,,0,0
178,137422,5735,75097,,Pherkad,13 UMi/13Gam UMi/HD 137422/HIP 75097/HR 5735/HYG 74867/MN 178/Pherkad/γ UMi,Pherkad,γ UMi,13 UMi,UMi,15.345483,71.834016,108.46338504797632,40.837159974934664,-18.03,17.68,-4.0,149.2537,3.0,3.016,2.996,0.058,A3II-III,1224.6161992650489,-29.797327,-35.741213,141.814461,-1.42e-06,1.867e-05,1e-07,74868,,0,1
179,151890,6247,82514,,Xamidimura,HD 151890/HIP 82514/HR 6247/HYG 82262/MN 179/Mu 1Sco/Xamidimura/μ1 Sco,Xamidimura,μ1 Sco,,Sco,16.864509,-38.04738,346.11520486703404,3.913956346859741,-8.84,-21.6,-25.0,153.6098,3.0,3.206,2.946,-0.2,B1.5IV + B,1296.5820353826284,-35.43289,-115.66204,-94.671563,2.51e-06,3.066e-05,3.09e-06,82263,,0,1
180,207971,8353,108085,,Aldhanab,Aldhanab/Gam Gru/HD 207971/HIP 108085/HR 8353/HYG 107741/MN 180/γ Gru,Aldhanab,γ Gru,,Gru,21.898808,-37.364852,6.1067500672794495,-51.47254674320802,95.88,-12.1,-2.0,64.7249,3.0,,,-0.084,B8III,230.14418174085063,43.853581,-26.892269,-39.28078,1.238e-05,2.77e-05,-1.78e-06,107742,,0,0
181,22928,1122,17358,,δ Per,39 Per/39Del Per/HD 22928/HIP 17358/HR 1122/HYG 17316/MN 181/δ Per,,δ Per,39 Per,Per,3.715416,47.787551,150.28339965085354,-5.768444811710833,23.83,-41.93,4.0,158.2278,3.01,3.02,3.0,-0.125,B5III SB,1362.6991969948704,59.860731,87.855481,117.192812,-1.4e-07,3.225e-05,-1.858e-05,17316,,0,1
182,44402,2282,30122,,Furud,1 CMa/1Zet CMa/Furud/HD 44402/HIP 30122/HR 2282/HYG 30049/MN 182/ζ CMa,Furud,ζ CMa,1 CMa,CMa,6.338553,-30.063367,237.52198968169708,-19.433593425654355,8.0,3.81,32.0,111.1111,3.02,,,-0.16,B2.5V,666.1929002234552,-8.512138,95.786306,-55.662081,-6.89e-06,2.886e-05,-1.462e-05,30049,,0,0
183,53138,2653,33977,,ο2 CMa,24 CMa/24Omi2CMa/HD 53138/HIP 33977/HR 2653/HYG 33888/MN 183/ο2 CMa,,ο2 CMa,24 CMa,CMa,7.050409,-23.833291,235.55462893747875,-8.227994321671067,-1.56,4.28,48.0,847.4576,3.02,3.065,2.985,-0.077,B3Ia,38761.44867002412,-210.498109,746.064177,-342.438173,-7.95e-06,5.18e-05,-3.75e-06,33888,,0,1
184,105707,4630,59316,,ε Crv,2 Crv/2Eps Crv/HD 105707/HIP 59316/HR 4630/HYG 59133/MN 184/ε Crv,,ε Crv,2 Crv,Crv,12.168746,-22.619766,290.59020801375067,39.259880534999,-71.52,10.55,5.0,97.4659,3.02,,,1.326,K2III,512.3892386646796,-89.88085,-3.973272,-37.486747,-8.12e-06,3.347e-05,2.63e-06,59134,,0,0
185,31964,1605,23416,,Almaaz,7 Aur/7Eps Aur/Almaaz/HD 31964/HIP 23416/HR 1605/HYG 23361/MN 185/ε Aur,Almaaz,ε Aur,7 Aur,Aur,5.032815,43.823308,162.7882788442258,1.1785511460179012,0.18,-2.31,-3.0,653.5948,3.03,3.085,2.935,0.537,F0Ia,22845.46488551825,118.129799,456.518488,452.57303,1.6e-07,2.91e-06,-7.41e-06,23361,,0,1
186,110879,4844,62322,,β Mus,Bet Mus/HD 110879/HIP 62322/HR 4844/HYG 62126/MN 186/β Mus,,β Mus,,Mus,12.771346,-68.108119,302.44922282389285,-5.241205034429029,-40.4,-10.32,42.0,104.712,3.04,,,-0.178,B2V,580.7644175213123,-38.249334,-7.83061,-97.161472,-1.504e-05,1.785e-05,-4.181e-05,62127,,0,0
187,127762,5435,71075,,Seginus,27 Boo/27Gam Boo/HD 127762/HIP 71075/HR 5435/HYG 70850/MN 187/Seginus/γ Boo,Seginus,γ Boo,27 Boo,Boo,14.534636,38.308253,67.26318790229494,66.17235080127702,-115.55,151.87,-37.0,26.6099,3.04,3.052,3.032,0.191,A7IIIvar,37.49730022454834,-16.449442,-12.860715,16.49506,2.378e-05,3.751e-05,-8.08e-06,70851,,0,1
188,183912,7417,95947,,Albireo,6 Cyg/6Bet1Cyg/Albireo/HD 183912/HIP 95947/HR 7417/HYG 95647/MN 188/β1 Cyg,Albireo,β1 Cyg,6 Cyg,Cyg,19.512023,27.959681,62.10964423878789,4.571501959116376,-7.09,-5.63,-24.0,133.1558,3.05,,,1.088,K3II+...,930.6791831626532,45.350466,-108.51838,62.430012,-1.193e-05,1.667e-05,-1.472e-05,95648,,0,0
189,193495,7776,100345,,Dabih,9 Cap/9Bet Cap/Dabih/HD 193495/HIP 100345/HR 7776/HYG 100019/MN 189/β Cap,Dabih,β Cap,9 Cap,Cap,20.350187,-14.781367,29.149735505446777,-26.3700914189453,48.42,14.0,-19.0,100.2004,3.05,,,0.79,A5:n,526.744488331906,55.920163,-79.116953,-25.564218,9.36e-06,2.75e-05,1.153e-05,100020,,0,0
190,48329,2473,32246,,Mebsuta,27 Gem/27Eps Gem/HD 48329/HIP 32246/HR 2473/HYG 32161/MN 190/Mebsuta/ε Gem,Mebsuta,ε Gem,27 Gem,Gem,6.732202,25.131124,189.5360361110509,9.629065954598843,-5.93,-12.81,10.0,259.0674,3.06,,,1.377,A3mA6-A9,3489.7956743787418,-44.684834,230.247724,110.023705,4.25e-06,1.722e-05,-1.022e-05,32161,,0,0
191,89758,4069,50801,,Tania Australis,34 UMa/34Mu UMa/HD 89758/HIP 50801/HR 4069/HYG 50655/MN 191/Tania Australis/μ UMa,Tania Australis,μ UMa,34 UMa,UMa,10.372155,41.499516,177.9031909744718,56.360366692631835,-80.47,34.1,-21.0,70.6215,3.06,,,1.603,M0III SB,259.4179362118815,-48.161684,21.865099,46.794651,3.308e-05,1.524e-05,-5.49e-06,50655,,0,0
192,180711,7310,94376,,Altais,57 Dra/57Del Dra/Altais/HD 180711/HIP 94376/HR 7310/HYG 94080/MN 192/δ Dra,Altais,δ Dra,57 Dra,Dra,19.209225,67.661541,98.65591511992572,22.994503697370664,94.49,92.3,25.0,29.8686,3.07,,,0.99,G9III,45.96211446660011,3.534238,-10.788301,27.627312,1.218e-05,6.77e-06,2.873e-05,94081,,0,0
193,167618,6832,89642,,η Sgr,Eta Sgr/HD 167618/HIP 89642/HR 6832/HYG 89363/MN 193/η Sgr,,η Sgr,,Sgr,18.293793,-36.761686,356.4330352897363,-9.677175271282737,-129.27,-166.61,1.0,44.7427,3.1,3.119,3.069,1.582,M2III,100.36909309200966,2.754228,-35.738834,-26.777975,-2.955e-05,1.859e-05,-2.956e-05,89364,,0,1
194,76294,3547,43813,,ζ Hya,16 Hya/16Zet Hya/HD 76294/HIP 43813/HR 3547/HYG 43689/MN 194/ζ Hya,,ζ Hya,16 Hya,Hya,8.92323,5.945563,222.342826430756,30.198569865190752,-99.76,14.65,23.0,51.2558,3.11,,,0.978,G8III-IV,130.49684141302234,-35.316755,36.765697,5.309278,1.93e-06,3.377e-05,6.06e-06,43689,,0,0
195,93813,4232,52943,,ν Hya,HD 93813/HIP 52943/HR 4232/HYG 52789/MN 195/Nu Hya/ν Hya,,ν Hya,,Hya,10.827079,-16.193648,265.05224955473153,37.56069414556559,92.77,199.02,-1.0,44.0723,3.11,,,1.232,K0/K1III,96.47171518961676,-40.343946,12.793047,-12.291085,-1.636e-05,-1.561e-05,4.112e-05,52789,,0,0
196,100841,4467,56561,,λ Cen,HD 100841/HIP 56561/HR 4467/HYG 56391/Lam Cen/MN 196/λ Cen,,λ Cen,,Cen,11.596363,-63.019841,294.4727690712211,-1.3973507960572382,-33.84,-6.87,-1.0,128.7001,3.11,,,-0.044,B9II:,822.6213938831102,-58.063196,6.158685,-114.692848,6.49e-06,2.054e-05,-1.03e-06,56392,,0,0
197,196171,7869,101772,Gl 794.1,α Ind,Alp Ind/Gl 794.1/HD 196171/HIP 101772/HR 7869/HYG 101444/MN 197/α Ind,,α Ind,,Ind,20.626116,-47.291502,352.5668458567607,-37.208350996869115,49.2,66.07,-1.3,30.1477,3.11,,,0.998,K0III,45.12321133443373,12.976855,-15.802893,-22.152943,9.49e-06,-2.2e-07,7.53e-06,101445,,0,0
198,39425,2040,27628,,Wazn,Bet Col/HD 39425/HIP 27628/HR 2040/HYG 27559/MN 198/Wazn/β Col,Wazn,β Col,,Col,5.849329,-35.768309,241.34177938410332,-27.057292865508902,55.74,404.68,89.0,26.7308,3.12,,,1.146,K1.5III,35.15604405282981,0.855327,21.672805,-15.624858,-3.1e-06,0.00010471,-1.066e-05,27559,,0,0
199,76644,3569,44127,Gl 331A,Talitha,9 UMa/9Iot UMa/Gl 331A/HD 76644/HIP 44127/HR 3569/HYG 44000/MN 199/Talitha/ι UMa,Talitha,ι UMa,9 UMa,UMa,8.986828,48.041826,171.5123700212677,40.83649405475392,-441.12,-215.21,9.0,14.5096,3.12,,,0.223,A7IV,10.35618977044986,-6.835882,6.883318,10.789878,9.75e-06,3.422e-05,-3.28e-06,44000,Gl 331,1,0
200,152786,6285,83081,GJ 9581,ζ Ara,GJ 9581/HD 152786/HIP 83081/HR 6285/HYG 82825/MN 200/Zet Ara/ζ Ara,,ζ Ara,,Ara,16.977006,-55.990141,332.8011373615932,-8.2048974645601,-18.31,-35.29,-6.0,149.0313,3.12,,,1.552,K5III,1092.4460532267929,-22.05913,-80.386753,-123.53816,-6.26e-06,2.719e-05,-9.17e-06,82826,,0,0
201,156164,6410,84379,GJ 3995A,Sarin,65 Her/65Del Her/GJ 3995A/HD 156164/HIP 84379/HR 6410/HYG 84120/MN 201/Sarin/δ Her,Sarin,δ Her,65 Her,Her,17.250531,24.839204,46.82408303912639,31.423277130749472,-21.14,-157.68,-40.0,23.0362,3.12,,,0.08,A3IVv SB,26.109586865859324,-4.075476,-20.503689,9.676738,3.48e-06,2.962e-05,-3.316e-05,84121,GJ 3995,1,0
202,132200,5576,73334,,κ Cen,HD 132200/HIP 73334/HR 5576/HYG 73106/Kap Cen/MN 202/κ Cen,,κ Cen,,Cen,14.986025,-42.104194,326.87200007847355,14.753698772935874,-17.76,-21.33,8.0,117.5088,3.13,,,-0.208,B2IV,672.9766562843175,-61.87283,-61.421692,-78.787457,-5.65e-06,8.64e-06,-1.45e-05,73107,,0,0
203,80493,3705,45860,,α Lyn,40 Lyn/40Alp Lyn/HD 80493/HIP 45860/HR 3705/HYG 45728/MN 203/α Lyn,,α Lyn,40 Lyn,Lyn,9.350925,34.392562,190.23529084221155,44.722393902748586,-222.8,14.78,38.0,62.2665,3.14,,,1.55,M0IIIvar,187.24058959867975,-39.512346,32.846027,35.17204,2.027e-05,7.061e-05,2.563e-05,45728,,0,0
204,82668,3803,46701,,HD 82668,HD 82668/HIP 46701/HR 3803/HYG 46568/MN 204,,,,Vel,9.520371,-57.034377,278.20868755166487,-4.107776405402977,-32.58,6.08,-14.0,73.2601,3.16,3.169,3.149,1.538,K5III,254.4485615146634,-31.754679,24.098313,-61.464914,1.176e-05,5.6e-06,1.319e-05,46568,,0,1
205,156283,6418,84380,,π Her,67 Her/67Pi Her/HD 156283/HIP 84380/HR 6418/HYG 84121/MN 205/π Her,,π Her,67 Her,Her,17.250788,36.809162,60.66073323690989,34.342261047051956,-27.35,2.7,-26.0,115.4734,3.16,,,1.437,K3IIvar,632.1206820052686,-18.017787,-90.679203,69.185936,-1.069e-05,2.475e-05,-1.472e-05,84122,,0,0
206,47670,2451,31685,,ν Pup,HD 47670/HIP 31685/HR 2451/HYG 31605/MN 206/Nu Pup/ν Pup,,ν Pup,,Pup,6.629353,-43.195934,251.9353184940448,-20.53714859598213,-0.43,-3.99,28.0,113.8952,3.17,,,-0.103,B8III SB,609.8176639987851,-13.61885,81.907249,-77.960909,-2.94e-06,1.915e-05,-2.121e-05,31605,,0,0
207,82328,3775,46853,Gl 354A,θ UMa,25 UMa/25The UMa/Gl 354A/HD 82328/HIP 46853/HR 3775/HYG 46720/MN 207/θ UMa,,θ UMa,25 UMa,UMa,9.547715,51.6773,165.4620442558879,45.65073241096572,-947.06,-535.6,15.3,13.4789,3.17,,,0.475,F6IV,8.534930716135483,-6.693935,5.005096,10.57472,7.29e-06,7.181e-05,-9.42e-06,46720,Gl 354,1,0
208,155763,6396,83895,,Aldhibah,22 Dra/22Zet Dra/Aldhibah/HD 155763/HIP 83895/HR 6396/HYG 83637/MN 208/ζ Dra,Aldhibah,ζ Dra,22 Dra,Dra,17.146448,65.714683,96.00982966924003,35.040351412790976,-20.76,19.15,-17.0,100.7049,3.17,,,-0.12,B6III,476.4309868054156,-9.178442,-40.388128,91.793254,-6.41e-06,1.753e-05,-1.2e-05,83638,,0,0
209,173300,7039,92041,,φ Sgr,27 Sgr/27Phi Sgr/HD 173300/HIP 92041/HR 7039/HYG 91753/MN 209/φ Sgr,,φ Sgr,27 Sgr,Sgr,18.76094,-26.990778,7.996287330965791,-10.774439483719249,51.15,0.45,22.0,73.3676,3.17,,,-0.107,B8.5III,253.04630494613968,12.937936,-64.083559,-33.297761,2.181e-05,-1.612e-05,-1.007e-05,91754,,0,0
210,32630,1641,23767,,Haedus,10 Aur/10Eta Aur/HD 32630/HIP 23767/HR 1641/HYG 23712/Haedus/MN 210/η Aur,Haedus,η Aur,10 Aur,Aur,5.10858,41.234474,165.35377738743074,0.2716540609308678,30.6,-68.41,7.0,74.6269,3.18,,,-0.148,B3V,259.1791134615946,12.978524,54.599524,49.18977,-5.75e-06,2.367e-05,-1.389e-05,23712,,0,0
211,128898,5463,71908,Gl 560A,α Cir,Alp Cir/Gl 560A/HD 128898/HIP 71908/HR 5463/HYG 71681/MN 211/α Cir,,α Cir,,Cir,14.708492,-64.975138,314.3351112263949,-4.591838026656109,-192.64,-234.07,7.2,16.57,3.18,3.184,3.174,0.256,F1Vp,12.78792262935846,-5.319852,-4.563974,-15.014538,4.9e-07,2.081e-05,-1.463e-05,71682,Gl 560,1,1
212,30652,1543,22449,Gl 178,Tabit,1 Ori/1Pi 3Ori/Gl 178/HD 30652/HIP 22449/HR 1543/HYG 22396/MN 212/Tabit/π3 Ori,Tabit,π3 Ori,1 Ori,Ori,4.830669,6.961276,191.4520238406608,-23.06480969802197,463.44,11.62,24.4,8.0684,3.19,,,0.484,F6V,3.003308878676558,2.413721,7.63677,0.977904,-9.83e-06,2.903e-05,3.48e-06,22396,,0,0
213,32887,1654,23685,,ε Lep,2 Lep/2Eps Lep/HD 32887/HIP 23685/HR 1654/HYG 23630/MN 213/ε Lep,,ε Lep,2 Lep,Lep,5.091018,-22.371032,223.24662760500647,-32.731161236436,19.27,-72.35,1.0,65.4022,3.19,,,1.46,K4III,197.33312795365023,14.257014,58.775516,-24.89227,-7.77e-06,-6.13e-06,-2.16e-05,23630,,0,0
214,153210,6299,83000,,κ Oph,27 Oph/27Kap Oph/HD 153210/HIP 83000/HR 6299/HYG 82744/MN 214/κ Oph,,κ Oph,27 Oph,Oph,16.961139,9.375033,28.36501011892597,29.5047234046122,-293.03,-9.7,-56.0,28.0426,3.19,3.199,3.189,1.16,K2IIIvar,36.27438014764577,-7.432411,-26.650562,4.567947,-2.325e-05,6.492e-05,-1.063e-05,82745,,0,1
215,161892,6630,87261,,Fuyue,Fuyue/HD 161892/HIP 87261/HR 6630/HYG 86990/MN 215,Fuyue,,,Sco,17.830965,-37.043304,353.50268461307184,-4.939823699887418,42.09,27.77,25.0,38.5802,3.19,,,1.192,K0/K1III,68.67521061488183,-1.362278,-30.763993,-23.24156,6.82e-06,-2.386e-05,-1.126e-05,86991,,0,0
216,202109,8115,104732,,ζ Cyg,64 Cyg/64Zet Cyg/HD 202109/HIP 104732/HR 8115/HYG 104393/MN 216/ζ Cyg,,ζ Cyg,64 Cyg,Cyg,21.215607,30.226916,76.75381214387093,-12.452266953216984,6.87,-68.12,17.0,43.8789,3.21,,,0.99,G8II SB,87.17661466018497,28.278409,-25.25354,22.089851,1.762e-05,-1.378e-05,-3.77e-06,104394,,0,0
217,222404,8974,116727,Gl 903,Errai,35 Cep/35Gam Cep/Errai/Gl 903/HD 222404/HIP 116727/HR 8974/HYG 116358/MN 217/γ Cep,Errai,γ Cep,35 Cep,Cep,23.65582,77.632276,118.99227714330884,15.315392744540546,-48.85,127.18,-43.1,14.1024,3.21,,,1.031,K1IV,9.003264310597224,3.008186,-0.271815,13.774751,-1.816e-05,-1.71e-06,-4.119e-05,116361,,0,0
218,136298,5695,75141,,δ Lup,Del Lup/HD 136298/HIP 75141/HR 5695/HYG 74911/MN 218/δ Lup,,δ Lup,,Lup,15.356201,-40.647518,331.32191266789124,13.81630334969296,-19.11,-24.05,-2.4,271.0027,3.22,3.239,3.209,-0.227,B1.5IV,3296.0971217745796,-131.223518,-158.301112,-176.532145,-5e-06,3.33e-05,-2.237e-05,74912,,0,1
219,146791,6075,79882,GJ 3949,Yed Posterior,2 Oph/2Eps Oph/GJ 3949/HD 146791/HIP 79882/HR 6075/HYG 79639/MN 219/Yed Posterior/ε Oph,Yed Posterior,ε Oph,2 Oph,Oph,16.305358,-4.692511,8.56588763693312,30.80981157623083,82.39,40.08,-7.7,32.6371,3.23,,,0.966,G8III,47.38053933388255,-13.962311,-29.378579,-2.669978,1.492e-05,1.02e-06,6.96e-06,79640,,0,0
220,168723,6869,89962,Gl 711,η Ser,58 Ser/58Eta Ser/Gl 711/HD 168723/HIP 89962/HR 6869/HYG 89683/MN 220/η Ser,,η Ser,58 Ser,Ser,18.355167,-2.898825,26.89538522725936,5.362093087366511,-547.57,-700.72,6.9,18.5426,3.23,,,0.941,K0III-IV,15.289736466907096,1.719456,-18.438938,-0.937748,-4.865e-05,-8.42e-06,-6.326e-05,89684,,0,0
221,205021,8238,106032,,Alfirk,8 Cep/8Bet Cep/Alfirk/HD 205021/HIP 106032/HR 8238/HYG 105690/MN 221/β Cep,Alfirk,β Cep,8 Cep,Cep,21.477662,70.560716,107.53919486884296,14.02612541225534,12.6,8.73,-8.0,210.084,3.23,3.257,3.207,-0.201,B2IIIv SB,1962.4563241736896,55.219515,-42.886719,198.108029,-9e-07,1.695e-05,-4.76e-06,105691,,0,1
222,50241,2550,32607,Gl 248,α Pic,Alp Pic/Gl 248/HD 50241/HIP 32607/HR 2550/HYG 32521/MN 222/α Pic,,α Pic,,Pic,6.803194,-61.941391,271.91870204327336,-24.09934903196671,-68.39,242.03,20.6,29.6033,3.24,,,0.225,A7IV,38.618908944898976,-2.906455,13.618019,-26.124095,1.13e-06,4.172e-05,-2.25e-06,32521,,0,0
223,191692,7710,99473,,θ Aql,65 Aql/65The Aql/HD 191692/HIP 99473/HR 7710/HYG 99155/MN 223/θ Aql,,θ Aql,65 Aql,Aql,20.188413,-0.821461,41.57964066760081,-18.084185158524654,35.48,6.05,-27.0,87.7963,3.24,,,-0.066,B9.5III,339.46890538007864,47.588681,-73.769106,-1.258706,-2.26e-06,3.136e-05,2.97e-06,99156,,0,0
224,59717,2878,36377,,σ Pup,HD 59717/HIP 36377/HR 2878/HYG 36274/MN 224/Sig Pup/σ Pup,,σ Pup,,Pup,7.487179,-43.301432,255.7359441433541,-11.9119080755546,-59.86,188.73,88.0,59.3824,3.25,3.265,3.225,1.509,K5III SB,153.88631498199555,-16.404069,39.982094,-40.72716,-2.306e-05,0.00010161,-2.219e-05,36274,,0,1
225,123123,5287,68895,Gl 538.1,π Hya,49 Hya/49Pi Hya/Gl 538.1/HD 123123/HIP 68895/HR 5287/HYG 68674/MN 225/π Hya,,π Hya,49 Hya,Hya,14.106193,-26.682361,323.00087983769976,33.25240129899214,43.05,-140.82,27.3,30.9598,3.25,,,1.091,K2III,41.84080195674278,-23.563202,-14.492156,-13.902421,-9.78e-06,-1.36e-05,-3.142e-05,68675,,0,0
226,133216,5603,73714,,Brachium,20 Lib/20Sig Lib/Brachium/HD 133216/HIP 73714/HR 5603/HYG 73485/MN 226/σ Lib,Brachium,σ Lib,20 Lib,Lib,15.067839,-25.281965,337.22242606653185,28.61770902039011,-71.85,-44.69,-4.0,88.4173,3.25,3.351,3.181,1.674,M3/M4III,341.3500729493114,-55.51919,-57.527085,-37.760649,-1.391e-05,2.993e-05,-1.557e-05,73486,,0,1
227,176437,7178,93194,,Sulafat,14 Lyr/14Gam Lyr/HD 176437/HIP 93194/HR 7178/HYG 92901/MN 227/Sulafat/γ Lyr,Sulafat,γ Lyr,14 Lyr,Lyr,18.982395,32.689557,63.318366749521,12.811526748686504,-2.76,1.77,-21.0,190.1141,3.25,,,-0.049,B9III,1577.6112696993484,40.69872,-154.738921,102.67804,-7.28e-06,1.769e-05,-1.023e-05,92902,,0,0
228,24512,1208,17678,,γ Hyi,Gam Hyi/HD 24512/HIP 17678/HR 1208/HYG 17637/MN 228/γ Hyi,,γ Hyi,,Hyi,3.787295,-74.238962,289.12942367305413,-37.79823483356952,51.07,115.27,16.0,65.6168,3.26,,,1.59,M2III,186.2087136662867,9.756821,14.915528,-63.149939,8.16e-06,4.214e-05,-5.79e-06,17637,,0,0
229,3627,165,3092,,δ And,31 And/31Del And/HD 3627/HIP 3092/HR 165/HYG 3086/MN 229/δ And,,δ And,31 And,And,0.655462,30.861024,119.86938319482644,-31.938700918845285,115.38,-83.05,-7.0,32.352,3.27,,,1.268,K3III...,44.87453899331323,27.363473,4.742224,16.595166,-2.56e-06,1.792e-05,-1.485e-05,3086,,0,0
230,157056,6453,84970,,θ Oph,42 Oph/42The Oph/HD 157056/HIP 84970/HR 6453/HYG 84710/MN 230/θ Oph,,θ Oph,42 Oph,Oph,17.366827,-24.999545,0.464407528833161,6.552355833916732,-8.84,-23.64,-2.0,133.6898,3.27,3.287,3.257,-0.186,B2IV,765.5966069112561,-19.992891,-119.503681,-56.498782,-4.28e-06,9.16e-06,-1.302e-05,84711,,0,1
231,216627,8709,113136,,Skat,76 Aqr/76Del Aqr/HD 216627/HIP 113136/HR 8709/HYG 112775/MN 231/Skat/δ Aqr,Skat,δ Aqr,76 Aqr,Aqr,22.910837,-15.82082,49.57898817359549,-60.668266408093224,-44.08,-24.81,18.0,49.2368,3.27,,,0.066,A3V,103.8484455008274,45.459019,-13.325406,-13.423467,1.249e-05,-1.462e-05,-1.072e-05,112776,,0,0
232,33904,1702,24305,,μ Lep,5 Lep/5Mu Lep/HD 33904/HIP 24305/HR 1702/HYG 24249/MN 232/μ Lep,,μ Lep,5 Lep,Lep,5.215528,-16.205468,217.2505262095753,-28.906509451328727,45.66,-16.13,28.0,57.0125,3.29,3.298,3.278,-0.11,B9IV: HgMn,136.77288255958496,11.164848,53.596933,-15.911275,-7e-06,2.828e-05,-1.227e-05,24249,,0,1
233,89080,4037,50099,,ω Car,HD 89080/HIP 50099/HR 4037/HYG 49958/MN 233/Ome Car/ω Car,,ω Car,,Car,10.228961,-70.037903,290.16385204113675,-11.179555204069588,-35.73,7.55,7.0,104.8218,3.29,,,-0.074,B8III,462.16813609224465,-32.00779,16.00439,-98.524026,2.71e-06,1.894e-05,-5.42e-06,49958,,0,0
234,137759,5744,75458,,Edasich,12 Dra/12Iot Dra/Edasich/HD 137759/HIP 75458/HR 5744/HYG 75228/MN 234/ι Dra,Edasich,ι Dra,12 Dra,Dra,15.415494,58.966065,93.9710592670414,48.6277714536836,-8.27,17.3,-11.0,31.027,3.29,,,1.166,K2III,40.513522022926395,-10.015969,-12.471787,26.585776,4.06e-06,7.04e-06,-8.3e-06,75229,,0,0
235,29305,1465,21281,,α Dor,Alp Dor/HD 29305/HIP 21281/HR 1465/HYG 21228/MN 235/α Dor,,α Dor,,Dor,4.566598,-55.044975,263.8325678316269,-41.41544119797642,58.06,12.73,26.0,51.7063,3.3,3.313,3.273,-0.079,A0V:,111.48078033638414,10.857822,27.56288,-42.378779,-7e-06,2.194e-05,-1.997e-05,21228,,0,1
236,91465,4140,51576,,HD 91465,HD 91465/HIP 51576/HR 4140/HYG 51428/MN 236,,,,Car,10.533743,-61.685332,287.18011777645484,-3.153887456194972,-16.59,11.42,26.0,148.1481,3.3,3.448,3.218,-0.089,B4Vne,914.53430312046,-65.154868,26.316211,-130.423268,-1.393e-05,1.847e-05,-1.952e-05,51428,,0,1
237,42995,2216,29655,,Propus,7 Gem/7Eta Gem/HD 42995/HIP 29655/HR 2216/HYG 29582/MN 237/Propus/η Gem,Propus,η Gem,7 Gem,Gem,6.247961,22.506799,188.85324315476575,2.518503562810682,-62.53,-10.24,19.0,117.9245,3.31,3.446,3.216,1.6,M3III,574.3809134963176,-7.067151,108.713368,45.140745,3.436e-05,2.247e-05,2.03e-06,29582,,0,1
238,157246,6462,85267,,γ Ara,Gam Ara/HD 157246/HIP 85267/HR 6462/HYG 85007/MN 238/γ Ara,,γ Ara,,Ara,17.423239,-56.377727,334.6447114639805,-11.478576038770608,-0.77,-15.85,-3.0,341.2969,3.31,,,-0.15,B1Ib,4812.824218676023,-28.42707,-186.83103,-284.199972,2.28e-06,2.346e-05,-1.197e-05,85008,,0,0
239,6595,322,5165,,β Phe,Bet Phe/HD 6595/HIP 5165/HR 322/HYG 5154/MN 239/β Phe,,β Phe,,Phe,1.101407,-46.718414,295.50597755389254,-70.19808792595681,-70.16,31.6,-1.0,100000.0,3.32,,,0.885,G8IIIvar,409260659.730011,65728.03719,19495.774096,-72799.31262,0.02036281,-0.02943628,0.01050305,5154,,0,0
240,19058,921,14354,,ρ Per,25 Per/25Rho Per/HD 19058/HIP 14354/HR 921/HYG 14318/MN 240/ρ Per,,ρ Per,25 Per,Per,3.08627,38.840274,149.59807189016232,-17.009067669001755,128.69,-106.61,28.0,94.3396,3.32,3.462,3.262,1.528,M3IIIvar,364.0826637894008,50.772204,53.119196,59.165375,-6.01e-06,7.889e-05,-2.002e-05,14318,,0,1
241,106591,4660,59774,Gl 459,Megrez,69 UMa/69Del UMa/Gl 459/HD 106591/HIP 59774/HR 4660/HYG 59591/MN 241/Megrez/δ UMa,Megrez,δ UMa,69 UMa,UMa,12.257086,57.032617,132.56683483203813,59.41689074653125,103.56,7.81,-13.4,24.6853,3.32,,,0.077,A3Vvar,24.9344618809783,-13.402309,-0.903455,20.710384,9.06e-06,-1.181e-05,-1.099e-05,59592,,0,0
242,155203,6380,84143,Gl 657,η Sco,Eta Sco/Gl 657/HD 155203/HIP 84143/HR 6380/HYG 83884/MN 242/η Sco,,η Sco,,Sco,17.202552,-43.239189,344.36447223561845,-2.303765024309188,22.01,-287.41,-27.0,22.5276,3.32,,,0.441,F3p,20.77782097504266,-3.401345,-16.05484,-15.432267,1.098e-05,4.022e-05,-3.95e-06,83885,,0,0
243,163917,6698,88048,,ν Oph,64 Oph/64Nu Oph/HD 163917/HIP 88048/HR 6698/HYG 87774/MN 243/ν Oph,,ν Oph,64 Oph,Oph,17.983775,-9.773632,18.167963243265653,6.974397645265955,-10.31,-116.12,13.0,46.2107,3.32,,,0.987,K0III,87.41782564005277,-0.193436,-45.539708,-7.844563,-2.35e-06,-8.68e-06,-2.789e-05,87775,,0,0
244,177716,7234,93864,GJ 9643,τ Sgr,40 Sgr/40Tau Sgr/GJ 9643/HD 177716/HIP 93864/HR 7234/HYG 93568/MN 244/τ Sgr,,τ Sgr,40 Sgr,Sgr,19.11567,-27.670423,9.333941245613474,-15.36853380920716,-50.79,-250.51,45.4,37.2856,3.32,,,1.169,K1/K2III,56.91149576288411,9.508483,-31.623153,-17.31506,-3.01e-06,-2.189e-05,-6.166e-05,93569,,0,0
245,27256,1336,19780,,α Ret,Alp Ret/HD 27256/HIP 19780/HR 1336/HYG 19730/MN 245/α Ret,,α Ret,,Ret,4.240404,-62.473858,274.3142227643783,-41.65349178633429,41.64,49.72,36.0,49.554,3.33,,,0.915,G7III,99.54054173515264,10.180685,20.514413,-43.944776,3.31e-06,2.918e-05,-2.713e-05,19730,,0,0
246,97633,4359,54879,,Chertan,70 Leo/70The Leo/Chertan/HD 97633/HIP 54879/HR 4359/HYG 54717/MN 246/θ Leo,Chertan,θ Leo,70 Leo,Leo,11.237335,15.42957,235.37222998828912,64.58496611190637,-59.01,-79.37,8.0,50.6073,3.33,,,-0.003,A2V,103.8484455008274,-47.814213,9.675761,13.464276,-9.94e-06,1.678e-05,-1.659e-05,54718,,0,0
247,63700,3045,38170,,Azmidi,7 Pup/7Xi Pup/Azmidi/HD 63700/HIP 38170/HR 3045/HYG 38062/MN 247/ξ Pup,Azmidi,ξ Pup,7 Pup,Pup,7.821571,-24.859786,241.4550358454347,0.5730762520621925,-5.56,-0.71,3.0,367.6471,3.34,,,1.218,G6Ia,5430.002130657378,-153.118527,296.362603,-154.558514,7.77e-06,6.55e-06,-2.44e-06,38062,,0,0
248,11415,542,8886,,Segin,45 Cas/45Eps Cas/HD 11415/HIP 8886/HR 542/HYG 8867/MN 248/Segin/ε Cas,Segin,ε Cas,45 Cas,Cas,1.906584,63.670101,129.8450504584621,1.6465630968274931,31.98,-18.66,-8.0,126.2626,3.35,,,-0.15,B2pvar,634.453795775715,49.169644,26.806887,113.163436,-3.57e-06,2.035e-05,-1.24e-05,8867,,0,0
249,35411,1788,25281,,η Ori,28 Ori/28Eta Ori/HD 35411/HIP 25281/HR 1788/HYG 25218/MN 249/η Ori,,η Ori,28 Ori,Ori,5.407949,-2.397146,204.86573820321593,-20.391584525387263,-0.54,-3.21,20.0,299.4012,3.35,3.589,3.319,-0.24,B1V + B2,3567.7958828856267,46.180743,295.55322,-12.522729,3.9e-06,1.988e-05,-5.51e-06,25218,,0,1
250,48737,2484,32362,Gl 242,Alzirr,31 Gem/31Xi Gem/Alzirr/Gl 242/HD 48737/HIP 32362/HR 2484/HYG 32276/MN 250/ξ Gem,Alzirr,ξ Gem,31 Gem,Gem,6.754824,12.895591,200.7393663738406,4.501939131724208,-115.16,-190.91,30.0,17.9986,3.35,,,0.443,F5IV,12.894366199598707,-3.444569,17.203451,4.0169,3.25e-06,3.494e-05,-9.39e-06,32276,,0,0
251,71369,3323,41704,,Muscida,1 UMa/1Omi UMa/HD 71369/HIP 41704/HR 3323/HYG 41586/MN 251/Muscida/ο UMa,Muscida,ο UMa,1 UMa,UMa,8.504431,60.718169,155.97638095161838,35.427005852524786,-134.31,-107.73,20.0,54.9149,3.35,,,0.856,G4II-III,120.00518202042646,-16.37548,21.290022,47.898272,6.99e-06,4.956e-05,3.81e-06,41586,,0,0
252,182640,7377,95501,Gl 760,δ Aql,30 Aql/30Del Aql/Gl 760/HD 182640/HIP 95501/HR 7377/HYG 95206/MN 252/δ Aql,,δ Aql,30 Aql,Aql,19.424972,3.114775,39.61876392682645,-6.131427250141413,253.06,80.67,-29.9,15.5255,3.36,,,0.319,F0IV,9.50604793656281,5.650026,-14.436012,0.843584,6.49e-06,3.568e-05,4.4e-06,95207,,0,0
253,136504,5708,75264,,ε Lup,Eps Lup/HD 136504/HIP 75264/HR 5708/HYG 75034/MN 253/ε Lup,,ε Lup,,Lup,15.378021,-44.689622,329.22794342538793,10.322747018611151,-20.25,-20.13,8.0,156.9859,3.37,,,-0.191,B2IV-V,962.941712971556,-70.733584,-86.328198,-110.402888,-8.78e-06,1.36e-05,-1.664e-05,75035,,0,0
254,74874,3482,43109,,Ashlesha,11 Hya/11Eps Hya/Ashlesha/HD 74874/HIP 43109/HR 3482/HYG 42990/MN 254/ε Hya,Ashlesha,ε Hya,11 Hya,Hya,8.779587,6.418809,220.71829533055688,28.5227916747092,-231.04,-40.17,36.0,39.6354,3.38,3.39,3.37,0.685,G0III-IV,60.81350012787179,-26.198413,29.410867,4.431082,8.24e-06,5.749e-05,-3.55e-06,42990,,0,1
255,118098,5107,66249,GJ 3792,Heze,79 Vir/79Zet Vir/GJ 3792/HD 118098/HIP 66249/HR 5107/HYG 66039/Heze/MN 255/ζ Vir,Heze,ζ Vir,79 Vir,Vir,13.57822,-0.59582,325.2459530363397,60.38837691297058,-278.89,48.56,-13.2,22.7118,3.38,,,0.114,A3V,19.971008660281843,-20.799365,-9.118725,-0.236175,-2e-08,3.352e-05,5.49e-06,66040,,0,0
256,36861,1879,26207,,Meissa,39 Ori/39Lam Ori/HD 36861/HIP 26207/HR 1879/HYG 26142/MN 256/Meissa/λ Ori,Meissa,λ Ori,39 Ori,Ori,5.585633,9.934158,195.05189918288255,-11.99505495430818,-1.03,-1.86,34.0,336.7003,3.39,,,-0.16,O...,4349.106072324538,35.907504,329.702779,58.086365,5.44e-06,3.439e-05,3.01e-06,26142,,0,0
257,89388,4050,50371,,HD 89388,HD 89388/HIP 50371/HR 4050/HYG 50229/MN 257,,,,Car,10.28472,-61.332304,285.4815275734021,-3.805100682680076,-24.25,6.38,8.0,201.6129,3.39,3.401,3.381,1.541,K3II,1560.270868693062,-87.13034,41.987831,-176.898605,1.82e-06,2.543e-05,-4.19e-06,50229,,0,1
258,112300,4910,63090,,Minelauva,43 Vir/43Del Vir/HD 112300/HIP 63090/HR 4910/HYG 62889/MN 258/Minelauva/δ Vir,Minelauva,δ Vir,43 Vir,Vir,12.926725,3.39747,305.51367879999617,66.24833387788576,-471.44,-52.81,-18.0,60.8273,3.39,,,1.571,M3III,141.90575216890926,-58.94191,-14.587593,3.604756,-1.646e-05,0.00013914,-1.664e-05,62890,,0,0
259,210745,8465,109492,,ζ Cep,21 Cep/21Zet Cep/HD 210745/HIP 109492/HR 8465/HYG 109145/MN 259/ζ Cep,,ζ Cep,21 Cep,Cep,22.180908,58.201261,103.06244271562748,1.665309248130224,13.35,4.49,-18.0,256.4103,3.39,3.418,3.378,1.558,K1Ibv SB,2523.480772480573,120.077626,-61.940455,217.924077,-5.23e-06,2.137e-05,-1.271e-05,109146,,0,1
260,28319,1412,20894,,Chamukuy,78 Tau/78The2Tau/Chamukuy/HD 28319/HIP 20894/HR 1412/HYG 20842/MN 260/θ2 Tau,Chamukuy,θ2 Tau,78 Tau,Tau,4.477705,15.870883,180.34754945457215,-22.010433832751502,108.66,-26.39,40.0,46.1042,3.4,3.411,3.391,0.179,A7III,80.83510373900673,17.209733,40.871602,12.608233,-6.49e-06,4.718e-05,5.51e-06,20842,,0,1
261,0,0,0,Gl 656.1B,Gl 656.1B,Gl 656.1B/HYG 119126/MN 261,,,,Oph,17.172783,-15.726921,6.718176024036798,14.00893204633316,36.81,92.98,0.0,25.7931,3.4,,,0.0,A3 V,25.304630494613964,-5.334832,-24.247587,-6.991291,3.82e-06,-4.07e-06,1.119e-05,83755,Gl 656.1,1,0
262,9053,429,6867,,γ Phe,Gam Phe/HD 9053/HIP 6867/HR 429/HYG 6853/MN 262/γ Phe,,γ Phe,,Phe,1.472759,-43.318234,280.5270104398557,-72.16738867202316,-18.21,-207.71,26.0,71.6332,3.41,3.478,3.388,1.542,K5II-III,193.37485452952552,48.291055,19.600485,-49.144111,-2.555e-05,-1.719e-05,-7.072e-05,6853,,0,1
263,25204,1239,18724,,λ Tau,35 Tau/35Lam Tau/HD 25204/HIP 18724/HR 1239/HYG 18677/MN 263/λ Tau,,λ Tau,35 Tau,Tau,4.011338,12.490347,178.37176258832915,-29.375643395103225,-8.15,-11.98,18.0,148.368,3.41,3.493,3.393,-0.099,B3V + A,829.468695095263,72.055648,125.663969,32.088342,1.495e-05,1.429e-05,-4.43e-06,18677,,0,1
264,120307,5190,67464,,ν Cen,HD 120307/HIP 67464/HR 5190/HYG 67250/MN 264/Nu Cen/ν Cen,,ν Cen,,Cen,13.825078,-41.687709,314.4138634054991,19.885794649229005,-26.01,-20.38,9.0,133.8688,3.41,3.427,3.397,-0.225,B2IV,674.8387308707573,-88.774682,-45.96956,-89.0322,-6.05e-06,1.587e-05,-1.6e-05,67251,,0,1
265,134505,5649,74395,GJ 9512A,ζ Lup,GJ 9512A/HD 134505/HIP 74395/HR 5649/HYG 74166/MN 265/Zet Lup/ζ Lup,,ζ Lup,,Lup,15.20476,-52.099247,323.75898938715665,4.983824279989552,-113.94,-71.0,-10.0,35.9712,3.41,,,0.918,G8III,48.75284901033863,-14.765283,-16.43956,-28.383941,-4.06e-06,2.522e-05,4.6e-07,74167,GJ 9512,1,0
266,198149,7957,102422,Gl 807,η Cep,3 Cep/3Eta Cep/Gl 807/HD 198149/HIP 102422/HR 7957/HYG 102090/MN 266/η Cep,,η Cep,3 Cep,Cep,20.754811,61.838782,97.86824229850258,11.643619485699608,86.08,817.89,-86.8,14.2653,3.41,,,0.912,K0IV,7.663020722739192,4.44524,-5.055924,12.575933,-5.612e-05,7.285e-05,-5.157e-05,102091,,0,0
267,214923,8634,112029,,Homam,42 Peg/42Zet Peg/HD 214923/HIP 112029/HR 8634/HYG 111675/Homam/MN 267/ζ Peg,Homam,ζ Peg,42 Peg,Peg,22.691033,10.831364,78.8587228879998,-40.66213117436695,77.38,-10.98,7.0,62.6566,3.41,,,-0.086,B8.5V,147.91083881682073,57.962157,-20.678728,11.774377,1.511e-05,1.956e-05,-1.93e-06,111676,,0,0
268,11443,544,8796,Gl 78.1,Mothallah,2 Tri/2Alp Tri/Gl 78.1/HD 11443/HIP 8796/HR 544/HYG 8777/MN 268/Mothallah/α Tri,Mothallah,α Tri,2 Tri,Tri,1.884696,29.578829,138.64242711830553,-31.405390116405968,12.02,-233.69,-16.2,19.4175,3.42,3.429,3.409,0.488,F6IV,14.073431383183484,14.872602,7.99818,9.584806,-3.66e-06,-6.9e-07,-2.731e-05,8777,,0,1
269,143118,5948,78384,,η Lup,Eta Lup/HD 143118/HIP 78384/HR 5948/HYG 78147/MN 269/η Lup,,η Lup,,Lup,16.002036,-38.396706,338.7739349975292,11.008958178240212,-16.58,-27.06,8.0,135.5014,3.42,,,-0.206,B2.5IV,685.488226452662,-53.049208,-91.997111,-84.160334,-7.12e-06,9.45e-06,-1.901e-05,78148,,0,0
270,161797,6623,86974,Gl 695A,μ Her,86 Her/86Mu Her/Gl 695A/HD 161797/HIP 86974/HR 6623/HYG 86704/MN 270/μ Her,,μ Her,86 Her,Her,17.774319,27.720676,52.43862444226573,25.626109911825772,-291.42,-750.0,-16.7,8.3105,3.42,,,0.75,G5IV,2.5775078699705363,-0.434406,-7.3437,3.865655,-1.166e-05,1.75e-06,-3.469e-05,86705,Gl 695,1,0
271,197051,7913,102395,,β Pav,Bet Pav/HD 197051/HIP 102395/HR 7913/HYG 102063/MN 271/β Pav,,β Pav,,Pav,20.749314,-66.203212,328.9625223846806,-36.008628320343355,-42.4,10.57,10.0,41.425,3.42,,,0.163,A5IV,64.0324324468947,11.018527,-12.568841,-37.903223,-2.4e-06,-1.018e-05,-8.5e-06,102064,,0,0
272,79351,3659,45080,,HD 79351,HD 79351/HIP 45080/HR 3659/HYG 44952/MN 272,,,,Car,9.182804,-58.966896,277.69067008447524,-7.372637613774921,-17.67,14.14,23.0,136.9863,3.43,3.444,3.424,-0.19,B2IV,693.7452139421235,-52.268405,47.490561,-117.37957,-7.04e-06,2.225e-05,-1.532e-05,44952,,0,1
273,89025,4031,50335,,Adhafera,36 Leo/36Zet Leo/Adhafera/HD 89025/HIP 50335/HR 4031/HYG 50193/MN 273/ζ Leo,Adhafera,ζ Leo,36 Leo,Leo,10.278171,23.417311,210.2277650061198,54.95496510268466,19.84,-7.3,-16.0,84.0336,3.43,,,0.307,F0III,261.09586865859336,-69.409312,33.594777,33.397009,8.93e-06,-1.33e-05,-9.23e-06,50193,,0,0
274,177756,7236,93805,,λ Aql,16 Aql/16Lam Aql/HD 177756/HIP 93805/HR 7236/HYG 93509/MN 274/λ Aql,,λ Aql,16 Aql,Aql,19.10415,-4.882554,30.259547235908048,-5.513356195436397,-19.68,-90.37,-12.0,37.9219,3.43,,,-0.096,B9Vn,53.161839507396266,10.770638,-36.216543,-3.227659,-7.36e-06,1.204e-05,-1.551e-05,93510,,0,0
275,89021,4033,50372,,Tania Borealis,33 UMa/33Lam UMa/HD 89021/HIP 50372/HR 4033/HYG 50230/MN 275/Tania Borealis/λ UMa,Tania Borealis,λ UMa,33 UMa,UMa,10.284952,42.914365,175.87133624821934,55.083141175390736,-170.11,-42.64,18.0,42.1585,3.45,,,0.029,A2IV,64.50598332848317,-27.815454,13.402145,28.706022,-2.4e-06,3.975e-05,6.15e-06,50230,,0,0
276,4614,219,3821,Gl 34A,Achird,24 Cas/24Eta Cas/Achird/Gl 34A/HD 4614/HIP 3821/HR 219/HYG 3814/MN 276/η Cas,Achird,η Cas,24 Cas,Cas,0.81826,57.815187,122.618801982809,-5.055136507372064,1087.11,-559.65,8.2,5.9531,3.46,3.507,3.457,0.587,G0V SB,1.2752637064597296,3.098462,0.674227,5.038376,1.105e-05,3.451e-05,-1.5e-06,3814,Gl  34,1,1
277,6805,334,5364,GJ 3075,η Cet,31 Cet/31Eta Cet/GJ 3075/HD 6805/HIP 5364/HR 334/HYG 5353/MN 277/η Cet,,η Cet,31 Cet,Cet,1.143164,-10.182264,137.16097548457705,-72.57848313823501,215.81,-138.33,12.9,37.9939,3.46,,,1.161,K2III,51.95172830110675,35.733354,11.025427,-6.716585,-3.61e-06,4.048e-05,-2.741e-05,5353,,0,0
278,65575,3117,38827,,χ Car,Chi Car/HD 65575/HIP 38827/HR 3117/HYG 38713/MN 278/χ Car,,χ Car,,Car,7.946313,-52.98236,266.6771766299493,-12.320237740447867,-28.38,16.76,19.0,139.47,3.46,3.467,3.457,-0.177,B3IVp,699.5197810512135,-40.958494,73.302689,-111.359983,6.63e-06,2.747e-05,-8.69e-06,38713,,0,1
279,135722,5681,74666,,δ Boo,49 Boo/49Del Boo/HD 135722/HIP 74666/HR 5681/HYG 74437/MN 279/δ Boo,,δ Boo,49 Boo,Boo,15.258376,33.314833,53.11243365288011,58.43126238229937,84.84,-110.57,-12.0,37.3413,3.46,,,0.961,G8III,50.164905677322295,-20.5232,-23.506036,20.509246,1.108e-05,-1.066e-05,-2.347e-05,74438,,0,0
280,16970,804,12706,Gl 106.1A,Kaffaljidhma,86 Cet/86Gam Cet/Gl 106.1A/HD 16970/HIP 12706/HR 804/HYG 12673/Kaffaljidhma/MN 280/γ Cet,Kaffaljidhma,γ Cet,86 Cet,Cet,2.721678,3.235818,168.91919966494424,-49.38239571686558,-146.43,-145.27,-5.1,24.4081,3.47,,,0.093,A3V,21.242224773886967,18.440324,15.931398,1.377729,8.12e-06,-1.588e-05,-1.746e-05,12673,Gl 106.1,1,0
281,120324,5193,67472,,μ Cen,HD 120324/HIP 67472/HR 5193/HYG 67258/MN 281/Mu Cen/μ Cen,,μ Cen,,Cen,13.826943,-42.473732,314.2377298492403,19.11722578512536,-23.85,-19.22,9.0,155.0388,3.47,3.484,3.424,-0.17,B2IV-Ve,856.6432555816563,-101.522043,-52.633292,-104.690333,-5.62e-06,1.728e-05,-1.687e-05,67259,,0,1
282,87737,3975,49583,,η Leo,30 Leo/30Eta Leo/HD 87737/HIP 49583/HR 3975/HYG 49441/MN 282/η Leo,,η Leo,30 Leo,Leo,10.122209,16.762664,219.53007025066665,50.75006576413647,-1.94,-0.53,3.0,389.1051,3.48,,,-0.031,A0Ib,5345.643593969719,-328.449984,175.868859,112.220999,-1.12e-06,4.75e-06,-7e-08,49441,,0,0
283,150997,6220,81833,,η Her,44 Her/44Eta Her/HD 150997/HIP 81833/HR 6220/HYG 81582/MN 283/η Her,,η Her,44 Her,Her,16.714933,38.922254,62.28102062259968,40.90355163265111,35.58,-84.98,8.0,33.3111,3.48,,,0.916,G8III-IV,39.192232245497664,-8.555377,-24.463195,20.928253,4.8e-07,-1.604e-05,-5.54e-06,81583,,0,0
284,10700,509,8102,Gl 71,τ Cet,52 Cet/52Tau Cet/Gl 71/HD 10700/HIP 8102/HR 509/HYG 8087/MN 284/τ Cet,,τ Cet,52 Cet,Cet,1.734479,-15.93748,173.1010840136723,-73.439607255048,-1721.82,854.07,-17.0,3.6502,3.49,,,0.727,G8V,0.4664445252037795,3.154083,1.539508,-1.00226,2.07e-06,-3.289e-05,1.931e-05,8087,,0,0
285,52877,2646,33856,,Nganurganity,22 CMa/22Sig CMa/HD 52877/HIP 33856/HR 2646/HYG 33769/MN 285/Nganurganity/σ CMa,Nganurganity,σ CMa,22 CMa,CMa,7.028652,-27.93483,239.16885521784184,-10.273791291862102,-6.01,4.64,22.0,343.6426,3.49,3.546,3.446,1.729,K4III,4134.281080471351,-80.775471,292.659236,-160.9853,3.4e-06,2.532e-05,-3.71e-06,33769,,0,1
286,98262,4377,55219,,Alula Borealis,54 UMa/54Nu UMa/Alula Borealis/HD 98262/HIP 55219/HR 4377/HYG 55054/MN 286/ν UMa,Alula Borealis,ν UMa,54 UMa,UMa,11.307983,33.094306,190.7270784478951,69.08105417733722,-26.61,27.51,-9.0,122.399,3.49,,,1.4,K3III SB,524.3243172456372,-100.864256,18.476143,66.832099,1.92e-05,1.254e-05,8.65e-06,55055,,0,0
287,133208,5602,73555,,Nekkar,42 Boo/42Bet Boo/HD 133208/HIP 73555/HR 5602/HYG 73326/MN 287/Nekkar/β Boo,Nekkar,β Boo,42 Boo,Boo,15.032436,40.390566,67.61898911964781,60.03870736808962,-40.2,-29.22,-20.0,69.0608,3.49,,,0.956,G8III,166.87835113653907,-36.876434,-37.508062,44.750903,-3.12e-06,1.602e-05,-2.071e-05,73327,,0,0
288,169467,6897,90422,,α Tel,Alp Tel/HD 169467/HIP 90422/HR 6897/HYG 90142/MN 288/α Tel,,α Tel,,Tel,18.449561,-45.968459,348.66523618414624,-15.184407932343689,-16.68,-53.33,-0.2,85.1789,3.49,,,-0.179,B3IV,253.98028137728156,6.951907,-58.794382,-61.23999,-8.72e-06,1.506e-05,-1.516e-05,90143,,0,0
289,215789,8675,112623,GJ 9796,ε Gru,Eps Gru/GJ 9796/HD 215789/HIP 112623/HR 8675/HYG 112262/MN 289/ε Gru,,ε Gru,,Gru,22.809239,-51.316864,338.30490582148906,-56.526420652616174,108.47,-65.93,-3.0,39.5257,3.49,,,0.083,A3V,54.651237451987186,23.513371,-7.577057,-30.854309,-4.84e-06,2.339e-05,-5.5e-06,112263,,0,0
290,50013,2538,32759,,κ CMa,13 CMa/13Kap CMa/HD 50013/HIP 32759/HR 2538/HYG 32672/MN 290/κ CMa,,κ CMa,13 CMa,CMa,6.830683,-32.508478,242.3552078872288,-14.494465025602706,-9.18,4.04,14.0,202.0202,3.5,3.586,3.436,-0.116,B1.5IVne,1415.1419329314303,-36.758571,166.353338,-108.570651,5.71e-06,1.581e-05,-4.36e-06,32672,,0,1
291,56986,2777,35550,Gl 271A,Wasat,55 Gem/55Del Gem/Gl 271A/HD 56986/HIP 35550/HR 2777/HYG 35453/MN 291/Wasat/δ Gem,Wasat,δ Gem,55 Gem,Gem,7.335383,21.98232,195.9849115045064,15.885102553649508,-18.72,-7.76,-15.3,18.5391,3.5,,,0.374,F0IV...,11.912420080273744,-5.888392,16.151258,6.939513,6.46e-06,-1.281e-05,-6.5e-06,35453,Gl 271,1,0
292,216228,8694,112724,,ι Cep,32 Cep/32Iot Cep/HD 216228/HIP 112724/HR 8694/HYG 112363/MN 292/ι Cep,,ι Cep,32 Cep,Cep,22.82802,66.200408,111.0652346067461,6.174981178823937,-66.1,-124.74,-12.0,35.3482,3.5,,,1.053,K0III,43.33112852118382,13.598133,-4.30834,32.34218,1.05e-05,-1.521e-05,-1.985e-05,112364,,0,0
